int_date,live1,reg,eminuse,intmob,home3nw,bbhome1f1,smart1,low_budget_e_reader_1_high_2_no_3,Desktop_laptop,Twitter,Instagram,Pinterest,Facebook,Freq_Twitter,Freq_Instagram,Freq_Pinterest,Freq_LinkedIn,Freq_Facebook,amount_books_read,printed_books_read,audiobooks_heard,Ebooks_read,phy_public_library,virtual_public_library,freq_library_visit,freq_virtual_library_visit,freq_mobile_library_visit,library_loan_ebooks,borrow_print_books,help_from_librarian,sit_and_Study,class_to_use_computer,Attend_group_meeting,internet_use_library,library_impact_your_family,library_impact_community,sex,age,marital,par,kidage1,educ2,emplnw,inc,usr,state,weight,standwt
31016,2,1,1,1,1,2,1,1,1,2,2,1,1,0,0,5,0,1,10,1,1,1,1,1,3,2,3,1,1,2,2,1,2,2,1,1,2,34,1,1,0,4,2,6,U,51,6.9375,2.2878778048
31016,4,3,1,1,1,2,8,2,1,2,1,2,1,0,3,0,0,2,7,2,2,2,1,3,3,0,0,1,1,1,1,1,2,1,3,3,2,49,5,1,0,5,6,3,R,51,2.03125,0.669874132
31216,1,3,1,1,1,2,1,3,1,2,2,2,1,0,0,0,0,1,0,0,0,0,2,3,0,0,0,8,0,0,0,0,0,2,3,1,1,34,1,1,1,3,1,4,U,51,3.34375,1.1027158789
31216,2,1,1,1,1,2,1,2,1,2,2,1,1,0,0,2,0,2,12,1,2,1,1,1,3,3,3,8,1,1,2,2,2,1,1,1,2,69,1,2,0,8,3,7,S,42,1.21875,0.4019244792
30716,3,1,1,1,1,2,1,1,1,2,2,2,2,0,0,0,0,0,10,1,2,1,1,1,4,4,0,2,1,2,2,2,2,2,1,1,1,35,1,1,2,3,1,5,U,26,3.28125,1.0821043671
31016,3,3,2,2,0,0,0,3,2,0,0,0,0,0,0,0,0,0,0,0,0,0,3,3,0,0,0,8,0,0,0,0,0,0,3,3,2,50,3,2,0,2,2,1,U,9,6.9375,2.2878778048
31016,2,1,2,2,0,0,0,3,1,0,0,0,0,0,0,0,0,0,9,1,2,2,2,3,0,0,0,8,0,0,0,0,0,2,3,2,1,87,1,2,0,8,3,3,S,12,6.1875,2.0405396637
30716,4,1,1,1,1,2,1,2,1,2,2,1,1,0,0,3,5,1,7,1,2,1,1,3,4,0,0,1,1,2,1,2,2,2,1,1,2,59,1,1,0,8,1,6,S,23,1.4375,0.4740647704
30716,2,1,1,2,1,2,2,2,1,2,2,1,1,0,0,3,0,2,75,1,2,1,1,1,3,2,0,1,1,2,2,2,2,1,1,1,2,48,1,2,0,6,1,5,S,39,1.875,0.6183453526
32616,3,1,2,2,0,0,8,3,2,0,0,0,0,0,0,0,0,0,0,0,0,0,3,3,0,0,0,2,0,0,0,0,0,0,3,2,1,92,5,2,0,4,3,3,S,39,1.46875,0.4843705262
30716,3,1,1,1,1,2,1,3,1,2,1,1,1,0,1,3,0,1,0,0,0,0,1,3,4,0,0,1,2,2,1,2,2,2,2,1,2,18,2,2,0,3,4,3,U,12,4.75,1.5664748934
30716,2,1,1,2,1,2,1,3,1,2,2,1,1,0,0,5,0,1,0,0,0,0,2,3,0,0,0,8,0,0,0,0,0,2,3,2,1,67,3,2,0,4,3,6,S,9,2.59375,0.8553777378
31616,1,3,2,2,0,0,2,2,2,0,0,0,0,0,0,0,0,0,3,1,2,2,2,3,0,0,0,1,0,0,0,0,0,2,1,1,2,83,5,2,0,4,3,5,U,48,2.0625,0.6801798879
32616,3,1,2,2,0,0,0,3,2,0,0,0,0,0,0,0,0,0,0,0,0,0,2,3,0,0,0,8,0,0,0,0,0,2,3,8,2,79,1,2,0,1,3,99,R,55,6.9375,2.2878778048
30716,2,1,1,1,1,2,1,2,1,1,2,1,1,5,0,6,5,3,30,1,2,2,1,1,2,1,0,1,1,1,1,2,2,2,2,1,2,58,6,2,0,6,1,99,S,27,1.03125,0.340089944
30716,4,1,1,1,1,2,1,3,1,2,1,1,1,0,1,5,0,1,4,1,2,2,1,1,4,4,0,8,2,1,2,1,1,1,3,2,2,26,1,2,0,6,4,98,S,40,2.34375,0.7729316908
30716,3,3,1,1,1,2,1,3,2,2,2,2,1,0,0,0,0,1,2,1,2,2,1,3,4,0,0,8,1,2,1,2,1,2,2,1,2,50,1,2,0,5,6,6,U,4,3.5,1.1542446583
30716,3,1,1,2,1,2,0,3,1,2,2,2,2,0,0,0,0,0,4,1,2,2,2,1,0,4,0,1,0,0,0,0,0,1,2,2,1,90,5,2,0,5,4,5,R,42,6.375,2.102374199
30716,3,1,1,1,1,2,2,2,1,2,2,2,1,0,0,0,0,2,0,0,0,0,2,2,0,0,0,8,0,0,0,0,0,2,1,1,2,52,1,1,1,3,1,5,R,18,2.59375,0.8553777378
40216,2,1,1,1,1,2,1,2,1,2,1,1,1,0,2,2,5,1,2,2,2,1,2,3,0,0,0,8,0,0,0,0,0,2,2,1,1,41,1,1,0,6,1,9,S,27,2.6875,0.8862950054
31316,3,1,2,2,0,0,0,3,2,0,0,0,0,0,0,0,0,0,5,1,2,2,1,3,3,0,0,2,2,2,2,1,2,2,3,1,2,41,5,2,0,3,3,2,R,49,6.9375,2.2878778048
30716,3,1,1,2,1,2,2,2,1,2,2,2,1,0,0,0,6,3,30,1,2,1,1,1,3,3,3,1,1,1,1,2,2,1,1,1,2,58,3,2,0,8,3,3,S,53,1.53125,0.504982038
31216,3,1,2,2,0,0,0,3,2,0,0,0,0,0,0,0,0,0,0,0,0,0,2,3,0,0,0,8,0,0,0,0,0,2,1,2,2,73,1,2,0,1,3,98,R,20,6.9375,2.2878778048
31016,3,1,1,1,1,2,1,2,1,1,2,2,1,5,0,0,3,3,1,1,2,2,2,3,0,0,0,8,0,0,0,0,0,2,3,1,1,55,1,2,0,4,1,9,S,22,1.84375,0.6080395968
31016,3,1,1,2,1,2,2,3,1,2,2,2,2,0,0,0,0,0,20,1,2,2,3,3,0,0,0,8,0,0,0,0,0,0,2,1,1,80,5,2,0,3,3,3,S,19,2.84375,0.9378237848
40416,3,1,1,2,1,2,0,3,1,2,2,2,2,0,0,0,0,0,6,1,2,2,2,3,0,0,0,1,0,0,0,0,0,2,3,2,1,84,6,2,0,6,3,6,S,42,3.46875,1.1439389024
31016,3,3,1,2,1,2,1,3,1,2,8,8,1,0,0,0,0,5,75,1,2,2,2,2,0,0,0,1,0,0,0,0,0,2,1,1,2,74,1,2,0,4,3,99,R,53,1.65625,0.5462050615
31016,1,3,2,2,0,0,0,3,2,0,0,0,0,0,0,0,0,0,6,1,2,2,3,3,0,0,0,8,0,0,0,0,0,0,3,3,2,67,6,2,0,7,3,1,U,36,2.78125,0.9172122731
31016,1,1,2,2,0,0,0,3,2,0,0,0,0,0,0,0,0,0,6,1,2,2,1,3,3,0,0,8,1,2,2,2,2,2,1,1,2,79,5,2,0,3,2,99,U,36,6.9375,2.2878778048
31016,4,1,2,1,2,0,2,3,2,2,2,2,2,0,0,0,0,0,0,0,0,0,3,3,0,0,0,8,0,0,0,0,0,0,3,1,2,68,1,2,0,2,3,4,R,37,2.96875,0.9790468083
31016,2,1,1,1,1,2,1,2,1,2,2,2,1,0,0,0,3,6,25,1,1,1,1,2,4,0,0,2,1,2,2,1,1,1,2,1,2,50,2,2,0,8,1,9,S,51,1.90625,0.6286511085
31016,3,1,1,1,1,2,2,2,1,2,2,2,2,0,0,0,0,0,0,0,0,0,2,3,0,0,0,2,0,0,0,0,0,2,3,2,2,50,6,2,0,5,1,7,U,19,3.59375,1.1851619259
31016,4,1,2,2,0,0,2,3,2,0,0,0,0,0,0,0,0,0,0,0,0,0,3,3,0,0,0,9,0,0,0,0,0,0,4,4,2,84,5,2,0,3,3,99,R,51,1.78125,0.587428085
31016,2,3,1,1,1,2,1,2,1,1,1,2,1,1,1,0,0,3,10,1,2,1,3,3,0,0,0,2,0,0,0,0,0,0,3,2,1,17,6,2,0,2,4,98,S,29,3.6875,1.2160791935
31016,2,2,1,1,1,1,1,2,2,2,2,2,1,0,0,0,0,3,0,0,0,0,3,3,0,0,0,8,0,0,0,0,0,0,2,1,1,52,6,2,0,4,4,1,S,45,2.28125,0.752320179
31016,2,1,1,1,1,2,1,2,1,2,2,2,2,0,0,0,0,0,1,1,2,2,3,2,0,0,0,1,0,0,0,0,0,0,2,2,1,58,1,2,0,6,1,8,S,51,1,0.3297841881
31016,4,1,1,1,1,2,1,3,1,1,2,2,1,1,0,0,0,2,98,0,0,0,1,3,2,0,0,1,1,2,2,2,2,2,2,1,2,59,5,2,0,3,2,2,R,51,3.59375,1.1851619259
31016,1,1,2,1,1,2,1,3,1,2,2,2,2,0,0,0,3,0,6,1,2,2,1,2,4,0,0,1,1,2,1,2,2,1,2,1,1,55,1,2,0,8,1,9,S,13,1.40625,0.4637590145
31716,3,1,1,1,1,2,1,2,2,2,2,2,2,0,0,0,0,0,0,0,0,0,1,3,4,0,0,8,2,2,2,2,2,2,3,1,2,44,1,1,2,6,1,7,S,34,2.8125,0.927518029
31016,2,1,1,2,2,0,2,3,1,2,2,2,2,0,0,0,0,0,97,1,2,2,1,3,1,0,0,1,1,2,2,2,2,2,1,1,2,65,3,2,0,6,3,3,S,48,1.09375,0.3607014557
32016,3,1,1,1,1,2,1,3,1,2,2,2,2,0,0,0,0,0,0,0,0,0,2,2,0,0,0,1,0,0,0,0,0,2,3,2,2,53,1,2,0,5,1,8,S,17,3.21875,1.0614928554
31016,1,1,1,1,1,2,1,2,1,2,1,2,1,0,1,0,0,1,2,1,2,2,1,3,3,0,0,1,1,2,2,2,2,2,3,2,2,39,6,1,1,6,3,6,S,32,2.75,0.9069065172
31016,1,1,1,1,1,2,1,3,1,2,2,2,2,0,0,0,0,0,98,0,0,0,3,3,0,0,0,2,0,0,0,0,0,0,3,8,1,79,3,2,0,4,3,2,U,12,1.28125,0.422535991
31016,3,1,1,1,1,2,1,2,1,1,1,2,1,6,5,0,0,5,10,1,2,1,1,1,3,3,0,2,1,2,1,2,2,1,1,1,1,61,1,2,0,6,6,7,S,34,1.125,0.3710072116
40416,1,1,1,1,1,2,1,2,1,1,2,2,1,1,0,0,1,1,97,1,1,2,1,1,2,1,1,1,1,1,1,1,2,1,1,1,2,38,3,2,0,6,1,5,U,42,3.5,1.1542446583
31016,1,1,1,1,1,8,2,3,1,2,2,2,2,0,0,0,0,0,8,1,2,2,1,3,3,0,0,1,1,2,1,1,2,2,1,2,2,37,3,1,1,6,1,99,U,13,2.46875,0.8141547143
31016,3,1,1,1,1,2,2,2,1,2,2,2,2,0,0,0,0,0,30,1,2,2,1,1,3,4,0,8,1,1,2,1,2,1,1,1,2,50,2,2,0,5,4,2,S,53,2.53125,0.8347662261
32016,3,1,1,1,1,2,1,2,2,1,2,2,1,3,0,0,6,2,50,1,2,1,2,3,0,0,0,1,0,0,0,0,0,2,2,1,2,41,1,1,1,8,1,5,R,32,2.75,0.9069065172
31216,4,1,2,2,0,0,2,3,2,0,0,0,0,0,0,0,0,0,1,1,2,2,3,3,0,0,0,1,0,0,0,0,0,0,2,1,1,84,4,2,0,2,8,1,S,22,2.78125,0.9172122731
31216,4,2,1,2,1,2,1,2,1,2,2,2,2,0,0,0,0,0,4,1,2,1,3,3,0,0,0,1,0,0,0,0,0,0,3,2,1,54,1,2,0,4,1,6,R,12,2.125,0.7007913997
31216,3,1,1,1,1,2,1,2,1,1,1,1,1,1,3,1,3,1,97,1,2,1,1,2,4,0,0,1,1,2,1,2,2,2,1,1,2,53,1,1,0,6,1,7,S,28,1.96875,0.6492626203
32016,3,1,1,1,1,2,1,2,1,1,2,1,1,6,0,5,3,1,4,1,1,1,1,3,4,0,0,1,2,2,1,2,2,1,1,1,2,52,1,1,2,3,1,6,R,42,3.15625,1.0408813436
31216,2,3,1,1,1,2,1,2,1,2,2,2,2,0,0,0,0,0,12,1,2,2,3,3,0,0,0,8,0,0,0,0,0,0,2,2,1,49,3,2,0,5,1,3,S,36,1.6875,0.5565108174
31216,2,1,1,1,1,2,1,3,1,1,1,1,1,3,3,5,3,1,60,1,2,2,1,1,2,1,0,1,1,2,2,2,2,1,1,1,2,45,1,1,0,8,1,9,U,26,2.1875,0.7214029114
31216,1,3,1,1,1,2,0,3,1,2,2,2,1,0,0,0,0,1,10,1,1,1,1,1,3,3,4,1,1,1,2,1,1,1,1,1,2,62,3,2,0,8,3,4,U,45,4.65625,1.5355576257
32416,2,1,2,2,0,0,0,3,2,0,0,0,0,0,0,0,0,0,6,2,2,2,2,3,0,0,0,8,0,0,0,0,0,2,2,1,2,88,5,2,0,3,3,5,S,39,6.9375,2.2878778048
32016,2,1,1,1,1,2,1,2,1,1,2,2,1,6,0,0,0,3,10,1,2,2,1,3,4,0,0,8,2,2,2,2,2,2,2,2,1,66,4,2,0,4,3,7,S,40,1.59375,0.5255935497
31216,4,1,1,1,1,2,1,2,1,1,2,2,2,1,0,0,0,0,0,0,0,0,2,3,0,0,0,2,0,0,0,0,0,2,2,2,1,51,1,2,0,3,1,7,S,12,2.5,0.8244604702
31216,2,1,1,1,1,2,1,3,1,2,2,2,2,0,0,0,0,0,0,0,0,0,1,2,4,0,0,8,2,2,2,2,2,2,1,1,2,62,3,2,0,4,3,3,S,36,3.5625,1.17485617
31316,4,1,1,1,1,1,2,2,1,2,2,2,1,0,0,0,0,3,12,1,2,2,1,3,3,0,0,1,1,2,2,2,2,2,1,1,2,86,5,2,0,6,3,99,U,6,1,0.3297841881
31216,4,8,1,1,1,2,1,2,1,2,1,2,1,0,2,0,0,2,12,1,1,1,3,3,0,0,0,1,0,0,0,0,0,0,2,1,2,71,3,2,0,4,3,3,R,41,1.21875,0.4019244792
31216,1,1,1,1,1,2,1,2,1,1,2,2,1,1,0,0,0,1,15,1,2,1,1,3,4,0,0,2,1,2,1,2,2,1,2,1,1,44,4,1,0,6,2,6,U,6,1.625,0.5358993056
31216,3,1,1,2,1,2,2,3,1,2,2,1,1,0,0,5,0,2,2,1,2,1,1,3,4,0,0,1,1,2,2,2,2,2,2,1,1,73,1,2,0,8,3,6,R,32,1,0.3297841881
31216,2,1,1,2,1,2,0,1,1,2,2,2,1,0,0,0,0,2,97,1,1,1,1,1,1,1,0,1,1,1,1,1,1,1,1,1,2,62,3,2,0,8,3,99,U,6,6.4375,2.1229857107
31216,2,1,1,1,1,2,2,3,1,2,2,1,1,0,0,5,6,3,12,1,2,2,3,1,0,3,0,1,0,0,0,0,0,0,1,1,2,54,1,2,0,5,1,8,S,9,3.21875,1.0614928554
31216,3,3,1,1,1,2,0,3,1,1,2,2,1,1,0,0,0,2,2,1,2,2,2,3,0,0,0,8,0,0,0,0,0,2,3,1,2,25,2,1,1,5,6,1,R,50,6.9375,2.2878778048
31216,2,1,1,1,1,2,1,2,1,9,2,2,1,0,0,0,2,1,4,1,2,1,3,2,0,0,0,1,0,0,0,0,0,0,2,1,1,49,3,2,0,6,2,2,S,53,1.28125,0.422535991
31216,2,1,1,2,1,8,1,3,1,2,2,2,2,0,0,0,0,0,97,1,2,2,3,3,0,0,0,1,0,0,0,0,0,0,2,1,2,72,1,2,0,8,3,6,S,26,1,0.3297841881
31716,3,1,1,1,1,2,1,3,1,2,2,2,2,0,0,0,0,0,1,1,1,2,3,3,0,0,0,1,0,0,0,0,0,0,1,1,1,66,1,2,0,8,3,5,S,19,1,0.3297841881
32616,4,2,2,2,0,0,0,3,2,0,0,0,0,0,0,0,0,0,0,0,0,0,2,3,0,0,0,1,0,0,0,0,0,2,3,2,2,85,5,2,0,3,3,6,S,18,6.9375,2.2878778048
31216,2,1,1,2,1,2,1,3,1,2,2,2,2,0,0,0,0,0,3,1,2,2,1,3,4,0,0,1,2,1,2,2,2,2,3,1,2,70,1,2,0,8,3,6,S,37,1.15625,0.3813129675
31216,3,3,2,2,0,0,2,3,2,0,0,0,0,0,0,0,0,0,0,0,0,0,2,3,0,0,0,8,0,0,0,0,0,2,2,1,2,66,5,2,0,3,3,99,S,54,2.1875,0.7214029114
31316,1,1,1,1,1,2,1,2,1,1,1,1,1,5,1,1,0,1,15,1,2,2,2,2,0,0,0,2,0,0,0,0,0,2,3,2,2,23,6,2,0,6,1,9,U,36,1.9375,0.6389568644
31316,3,1,1,2,1,1,2,2,2,2,2,2,2,0,0,0,0,0,3,1,2,2,1,1,2,4,0,1,1,1,2,1,1,1,1,1,2,52,3,2,0,6,2,3,S,50,1.53125,0.504982038
31316,9,9,2,2,0,0,0,3,2,0,0,0,0,0,0,0,0,0,0,0,0,0,3,3,0,0,0,8,0,0,0,0,0,0,3,8,2,87,5,2,0,4,3,99,S,18,5.21875,1.7210612315
31616,3,1,1,2,1,1,8,2,1,1,2,2,1,6,0,0,0,6,5,1,2,2,1,1,2,2,2,1,2,1,1,1,2,1,2,2,1,19,6,2,0,3,4,6,R,37,2.53125,0.8347662261
31316,3,1,1,1,1,2,1,3,1,2,2,2,2,0,0,0,5,0,5,1,2,1,1,3,4,0,0,8,2,2,2,2,2,2,3,1,1,56,1,2,0,3,1,9,S,36,2.90625,0.9584352966
31316,1,1,1,1,1,2,1,2,1,1,1,1,1,1,1,3,5,2,8,1,2,2,2,2,0,0,0,1,0,0,0,0,0,2,1,1,2,58,1,1,0,7,6,7,S,17,1.46875,0.4843705262
31316,1,1,1,1,1,2,1,2,1,2,2,2,2,0,0,0,3,0,2,1,2,2,2,3,0,0,0,8,0,0,0,0,0,1,2,2,1,63,1,2,0,8,4,9,U,36,1.125,0.3710072116
31316,4,1,1,2,1,2,1,3,1,2,2,1,1,0,0,6,0,5,0,0,0,0,3,3,0,0,0,8,0,0,0,0,0,0,2,1,2,49,1,1,0,6,4,2,S,5,1.96875,0.6492626203
32816,3,1,1,1,1,2,1,2,1,2,2,1,2,0,0,9,0,0,25,1,2,1,2,3,0,0,0,2,0,0,0,0,0,2,3,1,1,72,1,2,0,8,2,9,S,34,1.21875,0.4019244792
31316,4,1,1,1,1,2,1,1,1,2,2,1,1,0,0,2,0,2,40,1,2,1,1,1,4,4,0,1,1,2,1,1,1,2,1,1,2,72,1,2,0,3,3,99,S,10,2.96875,0.9790468083
31716,3,1,1,1,1,2,1,2,1,2,2,1,2,0,0,5,5,0,3,1,2,2,2,3,0,0,0,8,0,0,0,0,0,2,3,1,1,68,6,2,0,6,3,99,S,12,1,0.3297841881
31316,4,3,1,2,2,0,0,3,2,2,2,2,2,0,0,0,0,0,0,0,0,0,2,3,0,0,0,1,0,0,0,0,0,2,1,1,1,60,1,2,0,6,1,6,U,5,5.28125,1.7416727433
31316,2,1,1,1,1,2,1,2,1,1,2,2,1,2,0,0,0,3,0,0,0,0,2,3,0,0,0,8,0,0,0,0,0,2,3,2,1,42,1,1,1,6,1,8,S,17,2.40625,0.7935432026
31716,3,3,2,2,0,0,2,2,2,0,0,0,0,0,0,0,0,0,0,0,0,0,2,3,0,0,0,8,0,0,0,0,0,2,8,9,2,80,5,2,0,3,3,2,S,12,3.4375,1.1336331465
31316,1,1,1,1,1,2,1,2,1,1,1,1,1,2,2,2,3,1,5,1,2,1,3,1,0,3,3,1,0,0,0,0,0,0,1,1,2,46,1,1,1,6,4,7,U,36,1.71875,0.5668165733
31316,4,1,1,1,1,2,1,3,1,2,2,2,1,0,0,0,0,1,0,0,0,0,3,3,0,0,0,8,0,0,0,0,0,0,3,2,2,33,1,1,0,3,1,6,S,26,6.375,2.102374199
31316,3,3,1,1,1,2,1,3,2,2,2,2,2,0,0,0,0,0,3,2,2,1,3,3,0,0,0,2,0,0,0,0,0,0,1,1,1,45,1,1,0,4,1,6,S,8,2.46875,0.8141547143
31316,4,1,1,1,1,4,1,3,1,2,2,2,1,0,0,0,0,5,7,1,2,2,2,3,0,0,0,1,0,0,0,0,0,2,2,1,2,75,6,2,0,5,3,6,S,6,1.21875,0.4019244792
31316,4,1,1,1,1,2,1,3,1,2,2,2,2,0,0,0,0,0,4,1,1,1,2,1,0,4,0,1,0,0,0,0,0,2,2,2,1,59,6,2,0,8,1,7,R,53,1,0.3297841881
31316,4,1,1,1,1,2,1,2,1,2,2,2,2,0,0,0,0,0,0,0,0,0,1,3,4,0,0,1,2,2,2,1,1,2,3,2,1,57,6,2,0,8,1,98,S,6,1,0.3297841881
31316,1,1,1,1,1,2,1,2,1,2,2,1,1,0,0,6,3,3,52,1,2,2,3,3,0,0,0,1,0,0,0,0,0,0,1,1,2,99,3,2,0,7,4,8,U,6,1,0.3297841881
32816,2,1,1,2,1,2,2,2,1,2,2,2,1,0,0,0,0,2,10,1,2,2,2,3,0,0,0,1,0,0,0,0,0,2,3,2,2,73,5,2,0,4,3,3,S,6,1.8125,0.5977338409
31516,3,1,2,2,0,0,8,3,2,0,0,0,0,0,0,0,0,0,2,1,2,2,3,2,0,0,0,1,0,0,0,0,0,0,3,1,2,91,1,2,0,3,3,9,U,51,3.21875,1.0614928554
32016,4,1,1,1,1,2,1,3,1,2,2,1,1,0,0,5,0,1,6,1,2,2,1,1,1,2,0,1,1,1,2,1,1,1,1,1,2,61,1,1,0,8,3,7,S,47,1.65625,0.5462050615
31516,3,1,1,1,1,2,1,2,1,2,1,2,1,0,3,0,0,1,24,1,1,2,1,1,2,1,2,1,1,1,2,2,2,1,1,1,2,36,1,1,1,4,4,6,U,27,5.875,1.9374821049
32816,4,1,1,1,1,2,1,2,1,1,1,1,2,2,3,3,3,0,50,1,1,1,1,1,1,3,4,1,1,1,1,2,2,1,1,1,1,57,1,1,0,8,1,9,S,22,1,0.3297841881
32616,3,1,2,2,0,0,0,3,1,0,0,0,0,0,0,0,0,0,0,0,0,0,3,3,0,0,0,2,0,0,0,0,0,0,3,2,1,58,1,2,0,5,4,6,U,55,4.03125,1.3294425082
31516,3,3,1,2,1,2,2,1,1,1,2,1,1,6,0,2,0,1,25,1,2,2,2,3,0,0,0,1,0,0,0,0,0,2,3,2,2,65,5,2,0,3,3,3,U,18,1.8125,0.5977338409
31516,2,1,1,1,1,2,1,2,1,1,2,2,2,3,0,0,1,0,3,1,2,2,2,3,0,0,0,2,0,0,0,0,0,2,2,2,1,47,1,1,0,8,1,9,S,39,1.53125,0.504982038
31516,1,1,2,2,0,0,0,2,1,0,0,0,0,0,0,0,0,0,24,1,2,2,3,3,0,0,0,2,0,0,0,0,0,0,3,1,2,87,5,2,0,6,4,7,U,26,2.65625,0.8759892496
31516,2,1,1,1,1,2,2,2,1,2,2,2,1,0,0,0,0,1,3,1,2,1,1,1,4,4,0,8,2,2,2,2,2,2,2,8,1,73,1,2,0,4,3,6,S,39,2,0.6595683761
40216,4,1,1,1,1,2,1,2,1,2,1,1,1,0,6,3,5,1,40,1,1,1,2,3,0,0,0,1,0,0,0,0,0,2,2,1,2,58,1,2,0,8,3,7,S,39,1.40625,0.4637590145
31516,4,2,1,1,1,2,1,2,1,2,2,2,2,0,0,0,0,0,24,1,1,1,1,1,2,4,0,8,1,2,1,2,2,1,1,1,2,57,1,2,0,3,1,6,R,36,3.8125,1.257302217
31616,4,1,1,1,1,2,1,2,1,2,2,2,2,0,0,0,0,0,0,0,0,0,2,3,0,0,0,8,0,0,0,0,0,2,3,1,1,56,1,1,0,6,1,99,S,36,1.0625,0.3503956998
31616,4,1,1,2,1,2,2,3,1,2,2,2,1,0,0,0,0,3,0,0,0,0,2,3,0,0,0,1,0,0,0,0,0,2,2,1,2,55,3,2,0,5,2,2,R,51,2.6875,0.8862950054
31616,1,1,2,2,0,0,0,3,2,0,0,0,0,0,0,0,0,0,10,1,2,2,3,3,0,0,0,8,0,0,0,0,0,0,3,3,2,70,5,2,0,3,4,99,U,11,6.9375,2.2878778048
32616,3,1,1,1,1,2,1,2,1,2,2,2,1,0,0,0,6,5,3,1,2,1,2,2,0,0,0,1,0,0,0,0,0,2,3,1,1,76,1,2,0,8,2,9,S,45,1.28125,0.422535991
31616,3,1,2,2,0,0,2,3,2,0,0,0,0,0,0,0,0,0,3,1,2,2,3,3,0,0,0,1,0,0,0,0,0,0,3,1,2,84,5,2,0,3,4,1,S,34,1.90625,0.6286511085
31616,2,1,1,1,1,2,2,2,1,2,2,2,2,0,0,0,0,0,10,1,2,2,1,3,3,0,0,1,1,1,2,1,1,2,1,1,2,69,5,2,0,4,3,3,R,39,1.5,0.4946762821
31616,1,1,1,1,1,2,1,2,1,2,1,1,1,0,2,3,5,1,20,2,2,1,2,1,0,2,0,1,0,0,0,0,0,2,1,1,2,60,1,2,0,6,3,99,U,22,1.6875,0.5565108174
32016,3,1,1,2,1,2,8,3,1,2,2,2,1,0,0,0,0,3,2,1,8,2,2,3,0,0,0,8,0,0,0,0,0,2,2,1,2,72,1,2,0,5,3,5,S,17,1.65625,0.5462050615
32016,2,1,1,2,1,2,1,3,1,2,2,2,1,0,0,0,0,3,1,1,2,2,3,3,0,0,0,8,0,0,0,0,0,0,3,2,1,75,1,2,0,3,3,5,S,55,2.90625,0.9584352966
31616,3,1,1,2,2,0,2,1,1,2,2,2,2,0,0,0,0,0,5,1,2,2,2,3,0,0,0,1,0,0,0,0,0,2,2,1,2,78,1,2,0,6,3,6,U,20,1.03125,0.340089944
31616,2,1,1,1,1,2,1,2,1,2,2,2,1,0,0,0,6,1,97,1,2,2,1,3,1,0,0,1,1,1,1,1,1,2,1,1,2,99,1,2,0,5,3,99,S,36,1.9375,0.6389568644
31616,3,1,1,2,1,2,0,3,1,2,2,2,2,0,0,0,0,0,12,1,2,2,1,3,4,0,0,8,1,2,2,2,2,2,2,1,1,68,1,2,0,6,3,6,S,27,2.5,0.8244604702
31616,3,1,1,1,1,2,1,2,1,2,2,1,1,0,0,3,0,2,50,1,2,1,1,2,4,0,0,1,1,2,2,1,1,2,2,1,2,68,1,2,0,5,3,7,S,10,2.1875,0.7214029114
31616,4,1,1,1,1,2,1,2,1,1,2,1,2,3,0,3,2,0,11,1,2,1,2,3,0,0,0,8,0,0,0,0,0,2,3,1,2,72,1,2,0,5,3,9,S,8,2,0.6595683761
31616,3,1,1,2,1,2,0,3,1,2,2,2,1,0,0,0,0,2,0,0,0,0,2,3,0,0,0,8,0,0,0,0,0,2,3,8,1,56,1,2,0,3,1,5,U,54,6.28125,2.0714569313
32016,2,1,1,1,1,2,1,2,1,2,2,2,1,0,0,0,0,6,3,1,2,2,2,3,0,0,0,8,0,0,0,0,0,2,3,1,1,55,1,2,0,8,1,9,S,24,1.40625,0.4637590145
31616,2,1,1,1,1,2,1,2,1,2,2,2,1,0,0,0,0,3,12,2,1,1,1,1,4,3,4,1,1,2,2,2,1,2,1,1,1,69,1,2,0,8,3,9,U,53,1.21875,0.4019244792
31716,3,3,2,2,0,0,2,3,2,0,0,0,0,0,0,0,0,0,30,1,2,2,1,3,4,0,0,8,2,1,2,2,2,2,1,1,2,76,5,2,0,4,3,1,R,37,2.03125,0.669874132
31716,4,1,1,1,1,2,1,2,1,1,1,1,1,6,3,3,0,3,50,1,1,1,1,3,4,0,2,1,1,1,1,1,2,2,2,1,2,61,3,2,0,5,1,6,R,36,3.5,1.1542446583
32016,3,1,1,2,1,2,1,3,1,2,2,2,1,0,0,0,0,5,20,1,1,2,1,1,1,3,0,1,1,1,2,1,1,1,1,1,2,73,5,2,0,8,3,99,S,48,1,0.3297841881
32016,3,1,1,2,1,2,2,3,1,2,2,1,2,0,0,5,0,0,97,1,2,2,1,1,1,4,0,2,1,1,2,2,2,1,1,1,1,68,1,2,0,6,3,7,S,18,1.0625,0.3503956998
31716,3,1,2,2,0,0,0,2,2,0,0,0,0,0,0,0,0,0,0,0,0,0,3,3,0,0,0,1,0,0,0,0,0,0,8,1,2,95,5,2,0,3,3,98,S,26,6.9375,2.2878778048
40416,2,1,2,2,0,0,2,3,2,0,0,0,0,0,0,0,0,0,6,1,2,2,1,3,4,0,0,8,2,2,2,1,1,2,2,1,2,78,5,2,0,3,3,6,S,6,2.03125,0.669874132
31716,1,1,1,1,1,2,1,2,1,2,1,1,1,0,1,1,0,1,6,1,2,2,1,1,4,4,4,1,1,2,2,2,2,2,2,1,2,40,1,1,1,8,1,8,U,6,2.78125,0.9172122731
31716,8,1,1,1,1,2,1,2,1,2,1,1,1,0,5,6,0,6,12,1,2,1,1,3,4,0,0,8,2,2,2,2,1,2,1,1,2,65,3,2,0,4,3,6,U,6,2.0625,0.6801798879
31716,3,1,1,2,1,1,2,1,1,2,2,2,2,0,0,0,0,0,1,1,1,1,3,1,0,1,0,1,0,0,0,0,0,0,1,1,1,51,1,2,0,5,3,6,S,53,1.96875,0.6492626203
40416,3,1,1,2,1,2,2,2,1,2,2,2,1,0,0,0,0,3,25,1,2,1,1,1,4,4,0,1,2,2,2,2,2,2,2,1,1,69,1,2,0,6,3,7,S,27,1,0.3297841881
31716,1,1,2,2,0,0,0,3,2,0,0,0,0,0,0,0,0,0,0,0,0,0,3,3,0,0,0,8,0,0,0,0,0,0,2,1,1,67,1,2,0,1,3,6,U,17,6,1.9787051284
31716,2,1,1,1,1,2,1,2,1,1,1,1,1,2,6,6,2,2,15,1,1,1,1,1,4,4,4,1,2,2,1,2,2,1,1,1,1,72,1,2,0,8,8,4,U,42,1.40625,0.4637590145
31716,1,1,1,2,1,2,1,3,1,2,2,2,2,0,0,0,0,0,97,1,2,2,1,3,2,0,0,1,1,2,1,2,1,2,1,1,2,69,1,2,0,4,3,5,U,19,2.0625,0.6801798879
40416,3,1,1,2,1,1,2,3,1,2,2,1,1,0,0,5,0,1,0,0,0,0,3,3,0,0,0,8,0,0,0,0,0,0,3,1,2,61,1,2,0,5,4,6,R,47,3.0625,1.009964076
31716,4,3,1,1,1,2,1,2,1,2,2,2,1,0,0,0,0,1,0,0,0,0,2,3,0,0,0,8,0,0,0,0,0,2,2,2,1,70,1,2,0,3,1,5,R,35,2.28125,0.752320179
32016,3,1,2,2,0,0,8,3,2,0,0,0,0,0,0,0,0,0,75,1,2,2,1,3,3,0,0,8,1,1,1,2,2,2,1,1,2,73,5,2,0,3,2,2,R,39,2.03125,0.669874132
32016,1,1,1,1,1,2,1,3,1,2,2,2,2,0,0,0,0,0,12,1,2,2,1,1,4,4,0,1,1,2,2,2,2,1,3,3,1,64,6,2,0,8,3,6,U,11,1,0.3297841881
32016,3,1,1,1,1,2,1,2,1,1,2,1,1,6,0,1,0,1,3,1,2,2,2,3,0,0,0,1,0,0,0,0,0,2,3,1,2,99,9,2,0,8,1,99,S,12,1.125,0.3710072116
32016,3,1,1,1,1,2,1,2,1,2,2,2,1,0,0,0,0,1,12,1,2,1,2,3,0,0,0,8,0,0,0,0,0,2,3,1,1,58,1,2,0,4,1,8,R,39,1.71875,0.5668165733
32016,3,1,1,1,1,2,1,2,1,2,1,2,1,0,1,0,0,1,4,1,2,2,1,1,3,3,0,1,2,2,2,2,1,2,1,1,2,67,3,2,0,3,1,7,U,18,1.78125,0.587428085
40216,3,1,1,1,1,2,1,2,1,2,2,2,1,0,0,0,3,2,20,1,1,1,1,3,2,0,0,1,1,2,2,2,2,2,2,1,1,61,1,2,0,8,1,9,R,33,1.1875,0.3916187233
32016,4,1,1,1,1,2,1,2,1,2,2,1,1,0,0,3,0,2,12,2,2,1,3,3,0,0,0,8,0,0,0,0,0,0,3,1,2,56,1,2,0,7,1,5,U,13,1.34375,0.4431475027
32016,4,1,1,1,1,2,2,3,1,2,2,2,2,0,0,0,0,0,60,1,2,2,1,1,1,1,0,8,1,1,2,1,1,1,3,8,1,80,5,2,0,8,3,7,S,24,1.90625,0.6286511085
32916,1,1,1,1,1,2,2,3,1,2,2,2,1,0,0,0,0,2,50,1,1,2,1,3,4,0,0,2,2,2,2,2,2,2,1,1,2,83,5,2,0,5,3,99,S,12,1.46875,0.4843705262
32616,1,1,2,2,0,0,2,3,1,0,0,0,0,0,0,0,0,0,0,0,0,0,3,3,0,0,0,1,0,0,0,0,0,0,2,1,2,66,1,2,0,1,3,1,S,12,3.96875,1.3088309964
32016,2,1,1,1,2,0,2,2,1,2,2,2,2,0,0,0,2,0,15,1,2,1,1,1,4,3,0,2,1,1,2,2,2,2,1,1,1,53,6,2,0,8,1,6,U,29,1.28125,0.422535991
32016,3,1,1,1,1,2,1,3,1,2,2,2,2,0,0,0,0,0,3,1,2,2,2,3,0,0,0,1,0,0,0,0,0,2,2,1,1,54,1,2,0,5,1,5,U,17,2,0.6595683761
40216,3,1,1,1,1,2,1,2,1,1,1,1,1,1,5,3,0,1,3,1,2,2,1,1,4,4,0,1,1,2,2,2,1,2,1,1,2,41,4,1,0,4,1,6,S,29,4.34375,1.4325000669
40416,3,1,1,1,1,2,1,2,1,2,2,2,1,0,0,0,3,1,0,0,0,0,2,3,0,0,0,8,0,0,0,0,0,2,3,2,1,44,1,1,0,4,1,99,S,36,3.9375,1.2985252405
32016,4,1,1,1,1,2,1,2,2,2,2,1,2,0,0,6,0,0,0,0,0,0,2,3,0,0,0,8,0,0,0,0,0,2,2,1,2,68,3,2,0,4,1,99,R,30,1.21875,0.4019244792
32016,1,1,1,1,1,2,1,2,1,2,1,1,1,0,6,6,0,1,3,1,1,1,1,3,3,0,0,1,1,2,2,2,2,2,1,1,2,60,1,2,0,5,4,8,U,51,3.375,1.1130216347
40416,4,1,2,2,0,0,0,3,2,0,0,0,0,0,0,0,0,0,0,0,0,0,3,3,0,0,0,2,0,0,0,0,0,0,3,8,1,94,5,2,0,3,3,3,U,6,6.9375,2.2878778048
32016,4,1,1,1,1,2,1,2,1,2,1,2,1,0,3,0,0,5,4,1,1,2,2,3,0,0,0,8,0,0,0,0,0,2,3,2,2,64,1,2,0,6,2,6,S,53,1.25,0.4122302351
40416,1,1,2,2,0,0,0,3,1,0,0,0,0,0,0,0,0,0,2,1,2,2,3,3,0,0,0,1,0,0,0,0,0,0,3,1,2,99,1,2,0,6,3,9,U,53,2.96875,0.9790468083
32016,2,1,1,1,1,2,1,3,1,1,2,1,1,6,0,3,6,1,2,1,2,2,2,2,0,0,0,1,0,0,0,0,0,2,3,1,2,61,3,2,0,3,3,6,S,47,4.53125,1.4943346022
32016,4,1,2,2,0,0,2,3,2,0,0,0,0,0,0,0,0,0,0,0,0,0,2,3,0,0,0,1,0,0,0,0,0,2,1,2,1,56,1,2,0,3,1,6,R,47,2.1875,0.7214029114
32016,4,1,1,2,1,2,2,3,1,2,2,2,1,0,0,0,0,6,52,1,2,2,1,2,2,0,0,8,1,1,2,1,2,2,1,1,1,72,2,2,0,6,1,98,R,50,1.125,0.3710072116
32016,2,1,1,1,1,2,1,2,1,2,2,2,2,0,0,0,0,0,4,1,2,2,1,3,4,0,0,8,2,2,2,2,2,2,1,1,2,69,1,2,0,3,3,99,U,36,2.96875,0.9790468083
32616,2,1,1,1,1,2,1,2,1,2,2,1,1,0,0,3,5,1,5,1,2,2,1,1,3,3,0,1,1,2,2,2,2,2,1,1,2,68,5,2,0,8,2,6,S,8,1,0.3297841881
32016,1,1,1,1,1,2,1,3,1,2,2,2,1,0,0,0,5,2,0,0,0,0,1,1,4,4,0,2,1,2,2,2,2,1,3,2,1,46,3,2,0,4,2,98,U,36,2.3125,0.7626259349
32016,2,1,1,1,1,2,1,2,1,1,1,2,1,5,5,0,2,2,0,0,0,0,2,3,0,0,0,8,0,0,0,0,0,2,1,1,1,53,1,2,0,6,1,6,S,13,2.125,0.7007913997
32316,2,1,1,1,1,2,1,2,1,2,2,2,1,0,0,0,0,6,12,1,2,2,2,2,0,0,0,8,0,0,0,0,0,2,3,1,2,60,1,2,0,5,2,99,U,4,2.71875,0.8966007613
32316,2,1,1,1,1,2,1,2,1,2,2,2,1,0,0,0,5,2,0,0,0,0,1,1,2,1,2,1,1,1,1,2,2,1,2,2,1,48,1,1,0,6,1,7,U,6,1.71875,0.5668165733
32616,2,1,1,1,1,2,1,2,1,1,1,2,1,1,3,0,3,1,25,1,2,1,2,1,0,4,0,8,0,0,0,0,0,2,3,2,1,21,6,2,0,4,4,7,S,34,3.46875,1.1439389024
32616,3,1,1,1,1,2,1,2,1,2,1,2,1,0,3,0,8,3,15,1,2,2,1,1,3,4,0,1,1,2,2,2,2,2,1,1,2,57,5,1,0,8,1,9,S,47,1.09375,0.3607014557
32616,4,1,1,1,1,2,1,1,1,1,2,2,1,6,0,0,2,2,40,1,1,1,2,1,0,2,0,8,0,0,0,0,0,2,3,3,2,66,1,2,0,6,3,8,S,29,1.03125,0.340089944
40216,2,3,1,1,1,2,1,2,1,1,1,1,1,3,1,3,0,1,2,1,2,2,1,3,4,0,0,2,1,2,1,2,2,1,3,1,2,16,6,2,0,2,2,6,S,36,3.6875,1.2160791935
32616,1,1,1,1,1,2,2,2,1,2,2,2,1,0,0,0,0,5,5,1,2,2,1,3,4,0,0,1,1,1,2,2,1,2,1,1,2,74,5,2,0,8,3,6,U,48,1,0.3297841881
32816,3,1,1,1,1,2,1,3,1,2,2,2,1,0,0,0,6,2,0,0,0,0,1,3,4,0,0,8,2,1,2,2,2,2,3,1,2,77,1,2,0,4,3,4,U,17,2.0625,0.6801798879
32616,3,1,1,1,1,3,1,2,1,1,1,2,1,5,3,0,5,1,0,0,0,0,1,1,2,2,0,1,2,2,2,2,2,1,1,1,1,38,1,1,2,3,1,9,S,9,3.75,1.2366907053
40416,4,3,1,1,1,3,2,2,1,2,2,2,2,0,0,0,3,0,0,0,0,0,1,1,1,4,0,8,2,1,2,1,1,2,2,2,1,72,1,2,0,8,3,99,S,17,1.25,0.4122302351
32916,2,1,2,2,0,0,0,3,2,0,0,0,0,0,0,0,0,0,0,0,0,0,1,1,4,4,0,8,2,1,2,2,2,1,2,1,2,71,3,2,0,1,2,2,U,47,6.9375,2.2878778048
32816,4,1,1,2,1,2,2,3,1,2,2,1,1,0,0,3,0,1,2,1,2,2,1,2,4,0,0,1,1,1,2,2,2,1,1,1,1,67,1,2,0,4,3,5,S,17,1.96875,0.6492626203
32816,4,1,2,1,2,0,0,3,2,2,2,2,2,0,0,0,0,0,0,0,0,0,2,2,0,0,0,2,0,0,0,0,0,2,2,1,2,74,5,2,0,2,3,99,S,26,5.78125,1.9065648373
32816,3,1,2,1,2,0,8,3,1,1,2,1,1,5,0,3,0,5,5,2,1,2,2,1,0,2,0,1,0,0,0,0,0,2,1,1,2,50,1,2,0,4,3,98,R,19,2.5625,0.8450719819
32816,3,1,1,1,1,2,1,2,1,1,2,1,1,6,0,5,0,1,3,2,2,1,3,3,0,0,0,1,0,0,0,0,0,0,3,1,2,71,1,2,0,2,3,6,S,12,2.96875,0.9790468083
32816,3,1,1,1,1,2,1,2,1,2,2,2,1,0,0,0,0,1,45,1,1,1,1,1,1,3,3,1,1,2,2,2,2,2,1,1,2,74,1,2,0,8,3,6,S,12,1.125,0.3710072116
32816,2,1,2,2,0,0,0,3,2,0,0,0,0,0,0,0,0,0,99,0,0,0,1,3,3,0,0,1,2,2,2,2,2,2,1,1,2,83,5,2,0,3,3,4,S,25,6.9375,2.2878778048
40216,4,1,2,2,0,0,8,2,2,0,0,0,0,0,0,0,0,0,30,2,1,2,2,3,0,0,0,1,0,0,0,0,0,2,3,1,2,84,5,2,0,98,4,99,R,48,1,0.3297841881
32916,3,1,2,2,0,0,2,3,2,0,0,0,0,0,0,0,0,0,3,1,2,2,1,3,4,0,0,2,2,1,1,2,2,1,1,1,1,55,3,1,0,4,4,2,S,13,1.09375,0.3607014557
32916,3,1,1,1,1,2,0,2,1,2,2,2,1,0,0,0,0,3,50,1,2,2,1,1,2,1,0,1,1,1,1,1,2,1,1,1,2,40,3,1,1,5,2,2,R,21,6.9375,2.2878778048
40416,3,1,1,2,1,2,2,3,1,2,2,2,1,0,0,0,0,2,3,1,2,2,2,3,0,0,0,2,0,0,0,0,0,2,3,2,1,61,1,2,0,6,1,6,S,42,1,0.3297841881
32916,3,1,1,2,1,2,2,3,1,2,2,2,2,0,0,0,0,0,0,0,0,0,3,3,0,0,0,8,0,0,0,0,0,0,3,1,1,73,5,2,0,4,3,99,U,48,1.5625,0.5152877939
32916,4,1,1,1,1,2,1,2,1,2,2,2,1,0,0,0,0,2,97,1,1,1,1,1,3,4,0,1,1,2,1,2,2,2,1,1,1,61,1,2,0,5,2,7,R,55,1.40625,0.4637590145
40216,2,1,1,1,1,2,1,2,1,2,2,2,1,0,0,0,3,1,3,1,2,2,1,1,4,4,0,8,2,2,1,2,2,1,2,2,1,41,1,1,0,6,1,99,U,37,2.9375,0.9687410525
40216,2,1,1,1,1,2,1,2,1,2,2,2,1,0,0,0,5,2,5,1,1,1,2,3,0,0,0,1,0,0,0,0,0,2,2,1,1,67,1,2,0,6,1,7,S,12,1.15625,0.3813129675
40416,4,1,1,1,1,2,1,2,1,1,1,1,1,2,1,2,0,1,15,1,2,1,2,3,0,0,0,8,0,0,0,0,0,2,2,2,2,35,2,1,0,5,2,4,R,28,5.125,1.6901439639
40216,3,1,1,1,1,2,1,2,1,2,2,1,1,0,0,3,0,2,6,2,1,2,3,3,0,0,0,2,0,0,0,0,0,0,1,1,2,53,1,2,0,5,1,99,R,30,2.53125,0.8347662261
40216,3,1,2,2,0,0,0,3,2,0,0,0,0,0,0,0,0,0,0,0,0,0,3,3,0,0,0,8,0,0,0,0,0,0,3,1,2,65,5,2,0,99,3,99,S,25,3,0.9893525642
40216,1,1,1,1,1,2,1,3,1,2,2,2,2,0,0,0,0,0,10,1,2,2,1,1,4,4,0,1,1,2,2,2,2,2,2,1,2,45,1,2,0,6,1,6,S,6,2.125,0.7007913997
40216,4,1,1,1,1,5,1,3,1,2,2,2,1,0,0,0,0,3,0,0,0,0,1,3,4,0,4,1,1,2,1,2,2,1,2,1,1,62,1,2,0,6,1,7,S,53,1.03125,0.340089944
40216,1,3,1,1,1,2,8,2,1,2,2,2,1,0,0,0,0,6,12,2,2,1,2,2,0,0,0,8,0,0,0,0,0,2,1,1,2,43,3,1,0,6,1,5,U,36,2.5625,0.8450719819
40416,1,3,1,1,1,2,1,2,1,1,1,1,1,5,1,6,5,1,4,1,2,1,2,3,0,0,0,2,0,0,0,0,0,2,3,1,1,29,6,2,0,6,1,6,S,34,1.21875,0.4019244792
40416,4,1,1,1,1,2,1,2,1,2,2,2,1,0,0,0,0,1,90,1,2,1,2,2,0,0,0,1,0,0,0,0,0,2,3,1,2,72,3,2,0,8,3,6,R,51,1,0.3297841881
40416,2,1,1,1,1,2,1,2,1,2,2,2,2,0,0,0,5,0,8,1,2,2,1,1,1,4,0,8,1,2,1,2,2,1,1,1,1,57,1,2,0,8,1,9,S,6,1.0625,0.3503956998
40416,3,1,1,1,1,2,1,2,1,2,2,1,1,0,0,5,0,2,15,1,1,1,1,1,4,4,4,1,1,2,2,2,2,2,2,1,2,99,1,2,0,4,3,99,S,39,1.6875,0.5565108174
40416,3,1,1,1,1,2,1,3,1,2,2,2,2,0,0,0,0,0,3,1,2,2,2,3,0,0,0,8,0,0,0,0,0,2,3,1,2,66,3,2,0,8,3,5,S,12,1,0.3297841881
40416,4,1,1,1,1,2,1,2,1,1,2,2,2,5,0,0,0,0,8,1,2,2,2,2,0,0,0,8,0,0,0,0,0,2,2,1,1,55,3,2,0,5,1,8,S,36,1.4375,0.4740647704
40416,4,1,1,2,1,2,2,3,1,2,2,2,2,0,0,0,0,0,4,1,1,1,1,1,2,4,0,2,1,2,1,2,2,2,1,1,1,81,1,2,0,8,3,8,S,51,1.15625,0.3813129675
30716,2,2,1,1,1,2,1,2,2,2,2,2,1,0,0,0,0,2,35,1,2,1,2,1,0,4,0,1,0,0,0,0,0,1,3,2,1,23,6,2,0,6,4,9,S,25,1.84375,0.6080395968
32316,3,1,2,2,0,0,2,3,2,0,0,0,0,0,0,0,0,0,12,1,2,2,2,3,0,0,0,8,0,0,0,0,0,2,1,1,2,72,6,2,0,6,3,99,U,39,1.375,0.4534532586
30716,3,3,2,2,0,0,1,3,2,0,0,0,0,0,0,0,0,0,1,1,2,2,1,3,4,0,0,1,2,1,1,2,1,2,1,1,1,68,4,2,0,3,1,5,S,36,4.5625,1.5046403581
31116,3,1,1,1,1,2,1,3,1,2,1,1,1,0,6,1,3,1,4,2,2,1,3,3,0,0,0,2,0,0,0,0,0,0,1,3,1,30,1,2,0,6,1,7,S,34,2.71875,0.8966007613
30716,3,1,1,1,1,2,1,3,1,2,2,2,1,0,0,0,0,3,4,1,2,1,3,3,0,0,0,2,0,0,0,0,0,0,2,2,1,21,6,2,0,3,1,2,U,45,3.8125,1.257302217
31816,1,1,1,1,1,4,1,3,2,2,1,2,1,0,1,0,0,1,0,0,0,0,1,1,3,4,0,2,2,2,2,2,2,2,1,2,1,19,6,2,0,3,2,3,S,12,2.8125,0.927518029
32316,2,1,1,1,1,2,1,2,1,1,1,2,1,5,5,0,3,2,5,1,2,1,2,3,0,0,0,8,0,0,0,0,0,2,2,1,1,67,1,2,0,6,1,9,S,36,1.125,0.3710072116
30716,1,1,1,1,1,2,1,2,1,1,1,1,1,3,1,2,0,2,2,1,2,2,1,1,2,4,0,1,1,2,1,1,1,2,1,1,2,34,1,1,2,6,4,8,S,39,2.0625,0.6801798879
30716,3,3,1,1,1,2,1,2,1,1,1,1,1,5,3,6,0,2,12,1,2,2,2,3,0,0,0,1,0,0,0,0,0,1,2,1,2,35,3,2,0,6,1,5,S,42,2.78125,0.9172122731
30716,2,1,1,1,1,2,1,2,1,2,2,2,2,0,0,0,6,0,6,1,2,1,2,3,0,0,0,8,0,0,0,0,0,2,2,2,1,54,1,2,0,5,1,99,S,48,2.46875,0.8141547143
30716,2,1,1,1,1,2,1,3,1,1,1,2,1,6,6,0,0,1,0,0,0,0,2,3,0,0,0,2,0,0,0,0,0,2,3,1,1,53,3,2,0,6,1,7,U,8,1.9375,0.6389568644
30716,3,3,1,1,1,2,1,2,1,2,2,2,2,0,0,0,0,0,0,0,0,0,2,3,0,0,0,1,0,0,0,0,0,2,3,2,1,47,3,2,0,3,1,6,U,8,3.34375,1.1027158789
30716,4,1,1,1,1,5,1,3,1,2,2,1,2,0,0,5,0,0,15,1,1,2,1,1,3,3,0,8,1,2,2,2,2,1,1,1,2,49,1,2,0,5,2,6,S,18,3.40625,1.1233273906
30716,3,1,1,2,1,2,2,3,1,2,2,2,2,0,0,0,0,0,20,1,2,2,1,3,3,0,0,1,1,2,1,2,2,2,1,1,2,64,1,2,0,5,3,6,U,37,2.96875,0.9790468083
31116,1,8,2,2,0,0,2,3,2,0,0,0,0,0,0,0,0,0,5,8,2,2,3,3,0,0,0,8,0,0,0,0,0,0,3,1,1,82,5,2,0,8,3,99,U,4,1.40625,0.4637590145
31116,3,3,1,1,1,5,1,2,1,2,2,2,1,0,0,0,0,1,50,1,2,1,1,3,4,0,0,1,2,2,2,2,2,2,3,1,2,73,1,2,0,3,3,4,R,1,3.90625,1.2882194847
30716,3,3,1,1,1,2,1,3,2,2,2,2,1,0,0,0,0,1,0,0,0,0,1,3,4,0,0,8,2,2,2,2,2,2,1,1,1,53,4,2,0,1,6,1,S,20,2.53125,0.8347662261
30716,1,3,1,1,1,2,1,3,1,1,2,2,1,3,0,0,0,1,9,1,2,1,1,1,3,3,0,1,1,2,1,1,2,1,2,1,1,20,6,2,0,3,2,99,U,17,2.8125,0.927518029
32116,1,1,2,1,1,2,1,2,1,1,1,1,1,6,2,2,1,1,1,1,1,2,1,3,1,0,0,2,1,1,1,1,1,2,1,1,2,55,6,2,0,1,1,3,U,6,6.9375,2.2878778048
30716,1,1,1,1,1,2,1,2,1,2,2,2,1,0,0,0,3,2,25,1,1,1,1,1,2,3,0,1,1,1,2,1,1,1,1,1,2,62,3,2,0,8,1,8,U,53,1.15625,0.3813129675
30916,1,3,2,1,1,4,1,2,1,2,1,2,1,0,3,0,0,5,15,1,2,2,1,1,1,4,0,2,1,1,1,1,2,1,1,1,1,19,6,2,0,3,1,6,R,41,3.1875,1.0511870995
31616,4,1,1,1,1,3,1,2,1,1,2,2,1,2,0,0,0,2,15,1,2,1,2,3,0,0,0,1,0,0,0,0,0,2,3,1,1,63,1,2,0,8,5,6,R,6,1.125,0.3710072116
30716,3,3,1,1,1,2,1,3,1,2,2,2,1,0,0,0,6,2,5,1,2,1,2,1,0,4,0,2,0,0,0,0,0,1,2,1,1,24,6,2,0,6,1,7,S,17,1.5,0.4946762821
30716,2,1,1,1,1,2,1,2,1,1,1,1,1,3,6,5,0,3,5,1,2,1,1,1,4,4,0,1,1,1,2,2,2,2,1,1,2,46,1,1,0,6,5,6,U,48,1.75,0.5771223291
30716,2,1,1,1,1,2,1,2,1,1,2,2,2,3,0,0,3,0,5,1,2,2,3,3,0,0,0,1,0,0,0,0,0,0,3,1,1,63,1,1,0,8,1,9,S,6,1.125,0.3710072116
30716,1,1,1,1,1,2,1,2,1,2,2,2,2,0,0,0,0,0,50,1,2,2,2,3,0,0,0,8,0,0,0,0,0,2,3,2,1,67,1,2,0,6,1,9,U,41,1,0.3297841881
30716,3,3,1,1,1,2,1,1,1,2,2,2,2,0,0,0,3,0,6,1,1,1,2,2,0,0,0,2,0,0,0,0,0,2,2,2,1,25,6,2,0,6,1,6,U,6,2.78125,0.9172122731
30716,1,3,1,1,1,2,1,2,1,2,1,2,2,0,1,0,3,0,25,1,2,1,1,1,1,2,0,2,2,2,1,2,2,1,1,1,1,28,6,2,0,6,7,7,U,6,2.5625,0.8450719819
30716,1,3,1,1,1,2,1,3,1,2,1,2,1,0,3,0,0,1,0,0,0,0,1,1,4,4,0,8,1,2,1,2,2,1,2,2,2,20,6,2,0,4,2,98,U,6,5.78125,1.9065648373
30916,1,1,1,1,1,2,1,3,2,2,2,2,1,0,0,0,0,3,10,1,2,2,2,3,0,0,0,8,0,0,0,0,0,2,3,2,1,57,6,2,0,3,2,2,U,6,3.1875,1.0511870995
32916,4,1,1,1,1,2,1,3,1,2,2,2,1,0,0,0,0,2,24,1,2,2,3,3,0,0,0,1,0,0,0,0,0,0,3,1,2,72,1,2,0,4,3,99,R,41,1.65625,0.5462050615
32516,1,1,1,1,1,2,1,3,1,2,1,2,1,0,1,0,2,1,12,1,2,1,1,1,2,2,0,8,1,1,1,2,2,1,2,1,1,19,6,2,0,3,2,6,U,6,3.59375,1.1851619259
32516,3,1,2,2,0,0,2,3,1,0,0,0,0,0,0,0,0,0,7,1,2,2,1,1,3,3,2,2,2,2,1,2,2,1,1,1,2,46,6,2,0,3,3,1,S,13,3.96875,1.3088309964
30916,1,1,2,1,1,4,1,2,2,2,2,1,1,0,0,2,0,3,30,1,2,2,3,3,0,0,0,1,0,0,0,0,0,0,1,1,1,57,5,2,0,5,6,2,U,36,2.0625,0.6801798879
30916,3,1,2,2,0,0,8,3,2,0,0,0,0,0,0,0,0,0,2,1,2,2,2,3,0,0,0,1,0,0,0,0,0,2,3,1,2,76,1,2,0,3,3,2,R,17,2.25,0.7420144232
32916,2,1,1,2,1,2,2,3,1,2,2,1,1,0,0,3,5,1,50,1,2,2,1,1,2,2,0,1,1,2,2,2,2,1,2,1,2,32,6,2,0,6,1,3,S,39,3.625,1.1954676818
30916,4,1,1,1,2,0,1,2,2,1,2,2,1,2,0,0,0,2,3,1,2,2,2,3,0,0,0,8,0,0,0,0,0,2,2,2,1,36,1,2,0,4,1,6,S,47,4.90625,1.6180036727
30916,1,8,1,1,1,8,8,1,1,2,1,8,1,0,1,0,0,1,5,1,2,1,2,3,0,0,0,1,0,0,0,0,0,2,2,2,2,17,6,2,0,1,4,6,S,13,5.53125,1.8241187903
30916,3,1,1,1,1,2,1,2,1,1,1,2,1,6,6,0,5,1,5,1,2,1,1,3,3,0,4,1,1,2,1,2,1,1,1,1,1,42,1,1,0,8,1,8,S,12,2.90625,0.9584352966
30916,4,1,1,1,1,2,1,3,2,2,2,2,1,0,0,0,0,1,0,0,0,0,3,3,0,0,0,1,0,0,0,0,0,0,2,2,1,43,1,1,1,3,8,7,S,13,4.25,1.4015827993
30916,2,1,1,1,1,2,1,2,1,2,2,2,1,0,0,0,6,2,24,1,2,2,1,1,2,3,0,1,1,2,2,2,2,1,1,1,1,38,1,1,0,8,1,8,S,51,4.3125,1.4221943111
30916,4,1,2,2,0,0,2,3,2,0,0,0,0,0,0,0,0,0,3,1,2,2,1,3,4,0,0,1,2,2,2,2,2,2,3,1,1,82,1,2,0,4,3,4,S,22,2.875,0.9481295407
30916,2,2,1,1,2,0,1,3,2,2,2,2,1,0,0,0,0,1,1,1,2,2,3,3,0,0,0,8,0,0,0,0,0,0,1,1,1,51,6,2,0,4,2,1,S,17,2.6875,0.8862950054
30916,2,1,1,1,1,2,1,3,1,2,2,1,1,0,0,3,5,3,2,1,2,2,1,3,4,0,0,8,1,1,2,2,2,2,2,1,1,50,1,1,0,6,1,9,S,47,2.46875,0.8141547143
30916,1,3,1,1,1,2,1,2,1,1,2,2,1,1,0,0,0,2,3,1,2,2,1,3,4,0,0,8,2,2,1,2,2,1,2,1,1,18,6,2,0,2,4,6,S,20,3.65625,1.2057734376
30916,3,3,1,1,1,2,1,2,1,2,2,2,1,0,0,0,0,2,0,0,0,0,3,3,0,0,0,1,0,0,0,0,0,0,2,1,1,60,1,2,0,8,5,9,S,8,1.59375,0.5255935497
32816,3,2,2,1,1,2,2,2,1,1,2,2,1,3,0,0,0,1,4,1,2,2,3,1,0,4,0,2,0,0,0,0,0,0,1,1,1,51,1,2,0,4,4,3,U,26,3.78125,1.2469964612
31516,2,3,2,2,0,0,2,3,2,0,0,0,0,0,0,0,0,0,0,0,0,0,3,3,0,0,0,8,0,0,0,0,0,0,1,1,2,66,5,2,0,2,3,3,R,22,3,0.9893525642
30916,2,1,1,1,1,2,1,3,1,2,2,2,2,0,0,0,6,0,5,1,2,2,1,3,4,0,0,1,1,2,1,2,2,1,3,1,1,61,1,2,0,8,3,9,S,36,1.625,0.5358993056
30916,4,3,1,1,1,2,1,2,1,1,1,2,1,6,5,0,0,1,15,1,2,1,1,1,3,1,0,8,1,1,1,1,2,1,2,1,1,17,6,2,0,3,2,5,S,42,3.78125,1.2469964612
31516,2,1,1,1,1,2,1,2,1,2,2,2,1,0,0,0,0,6,2,1,2,2,2,3,0,0,0,8,0,0,0,0,0,2,3,2,1,53,1,1,1,3,3,8,S,42,2.71875,0.8966007613
31016,3,3,1,1,1,2,1,2,1,2,2,2,1,0,0,0,0,1,0,0,0,0,2,3,0,0,0,8,0,0,0,0,0,2,3,1,2,29,6,2,0,3,1,98,S,26,6.9375,2.2878778048
31016,2,1,1,1,1,2,1,2,1,2,2,1,1,0,0,5,0,1,4,1,2,2,2,3,0,0,0,1,0,0,0,0,0,2,3,1,2,44,1,1,0,6,4,9,U,21,3.75,1.2366907053
31016,1,1,1,1,1,2,1,2,1,1,1,2,1,1,1,0,3,1,3,1,2,1,2,2,0,0,4,1,0,0,0,0,0,2,2,1,2,23,6,2,0,6,1,5,U,51,2.125,0.7007913997
31016,3,1,1,1,2,0,1,3,2,2,1,2,1,0,6,0,0,3,0,0,0,0,3,1,0,4,0,2,0,0,0,0,0,0,2,1,2,29,6,1,2,3,1,98,R,42,6.875,2.267266293
31116,4,1,1,1,1,2,1,2,1,2,2,1,1,0,0,2,0,2,12,1,2,1,1,3,3,0,0,1,1,2,2,2,1,1,1,1,2,62,1,2,0,8,3,6,S,45,1.5,0.4946762821
31016,4,1,1,1,2,0,1,3,1,2,2,2,1,0,0,0,0,6,5,1,2,2,1,3,3,0,0,1,1,2,1,2,2,1,2,8,1,46,1,1,0,4,1,99,R,5,2.84375,0.9378237848
31016,1,3,1,1,2,0,8,3,2,2,2,2,1,0,0,0,0,5,0,0,0,0,3,3,0,0,0,1,0,0,0,0,0,0,3,1,2,50,1,2,0,3,1,99,U,17,3,0.9893525642
31016,4,1,1,1,1,2,1,2,1,2,2,2,1,0,0,0,2,5,7,1,2,1,1,1,3,3,0,1,1,1,1,2,1,1,1,1,1,45,1,1,0,6,1,7,S,20,2.25,0.7420144232
31016,3,8,1,1,2,0,1,2,2,2,1,1,1,0,3,3,0,1,0,0,0,0,3,3,0,0,0,8,0,0,0,0,0,0,3,1,2,25,6,1,2,4,5,2,R,48,6.9375,2.2878778048
31016,3,3,2,1,2,0,1,3,2,2,2,2,2,0,0,0,0,0,0,0,0,0,1,3,3,0,0,8,2,1,2,2,2,2,1,1,2,54,2,2,0,1,6,1,U,6,6.75,2.2260432695
31016,2,1,1,1,1,2,1,2,1,2,2,1,2,0,0,3,0,0,5,1,2,2,1,1,4,4,0,1,1,2,1,1,2,2,1,1,2,62,1,2,0,8,1,8,S,48,1.8125,0.5977338409
31016,1,1,1,1,1,2,1,3,1,2,2,2,1,0,0,0,5,1,13,1,2,2,1,3,3,0,0,2,2,1,1,1,1,2,1,1,2,50,3,2,0,4,1,99,U,1,3.78125,1.2469964612
31116,1,3,2,2,0,0,2,3,2,0,0,0,0,0,0,0,0,0,0,0,0,0,1,3,3,0,0,2,1,2,1,2,2,2,2,1,2,44,6,1,0,1,1,2,U,17,3.4375,1.1336331465
31116,3,1,1,2,1,2,2,2,1,2,2,2,2,0,0,0,0,0,10,1,1,2,1,1,1,3,0,2,1,2,1,2,2,2,1,2,1,38,1,1,1,3,1,6,U,31,4.84375,1.597392161
31116,3,1,1,1,1,2,1,2,1,2,2,2,1,0,0,0,3,1,10,1,2,1,2,2,0,0,0,8,0,0,0,0,0,2,3,2,1,39,1,1,0,6,1,6,R,19,2.1875,0.7214029114
31116,1,1,1,2,1,2,2,3,1,2,1,2,1,0,3,0,0,1,4,1,2,2,2,3,0,0,0,8,0,0,0,0,0,2,3,1,1,26,6,2,0,3,1,5,U,27,5.625,1.8550360579
31116,4,1,2,2,0,0,2,3,2,0,0,0,0,0,0,0,0,0,0,0,0,0,3,3,0,0,0,8,0,0,0,0,0,0,1,1,1,63,2,2,0,4,5,2,R,27,1.40625,0.4637590145
31116,3,1,1,1,1,2,1,2,1,1,1,2,1,2,6,0,6,1,5,1,2,1,2,3,0,0,0,8,0,0,0,0,0,2,3,2,2,38,1,1,1,6,1,6,S,13,3.28125,1.0821043671
31116,3,1,1,1,1,3,1,3,1,2,2,2,1,0,0,0,3,2,2,1,2,2,2,3,0,0,0,8,0,0,0,0,0,2,3,2,1,64,1,2,0,8,1,8,U,37,1.34375,0.4431475027
31516,3,1,2,1,1,2,1,3,1,2,2,2,1,0,0,0,0,2,4,1,1,2,2,3,0,0,0,1,0,0,0,0,0,2,1,1,2,72,1,2,0,6,3,99,S,12,1.1875,0.3916187233
31116,3,1,2,2,0,0,1,3,2,0,0,0,0,0,0,0,0,0,0,0,0,0,3,3,0,0,0,8,0,0,0,0,0,0,3,3,1,62,3,2,0,3,1,5,S,27,3.3125,1.092410123
31816,4,2,1,1,1,2,1,2,1,2,1,1,1,0,3,1,0,1,10,1,2,2,1,1,4,4,0,1,1,2,2,1,1,2,3,1,2,33,1,1,1,4,4,4,S,42,6.9375,2.2878778048
31116,1,2,1,1,1,2,1,1,1,2,1,2,2,0,3,0,0,0,4,1,2,2,2,2,0,0,0,8,0,0,0,0,0,2,2,1,2,26,6,2,0,8,1,6,U,37,2.59375,0.8553777378
31116,1,1,1,2,1,2,2,3,2,2,2,2,1,0,0,0,0,1,0,0,0,0,1,3,3,0,0,1,2,2,1,2,2,2,1,1,1,64,1,2,0,4,3,2,U,26,1.9375,0.6389568644
31116,2,1,1,1,1,2,1,2,2,1,2,2,1,2,0,0,3,1,30,2,2,1,3,3,0,0,0,8,0,0,0,0,0,0,3,8,2,65,5,2,0,8,1,7,U,4,1,0.3297841881
32816,2,1,1,1,1,2,1,3,1,1,1,1,1,5,5,5,1,1,5,1,1,1,2,3,0,0,0,1,0,0,0,0,0,2,3,2,2,21,6,2,0,4,4,9,S,4,6.9375,2.2878778048
31116,3,1,1,1,1,2,1,2,1,2,2,1,1,0,0,3,3,2,50,1,2,2,1,1,2,3,3,1,1,1,1,2,2,1,1,1,2,61,1,2,0,6,2,7,S,39,1.84375,0.6080395968
31116,3,1,1,1,1,2,2,2,1,1,1,1,1,3,3,3,6,1,99,0,0,0,1,1,3,4,0,1,1,1,2,1,1,1,1,1,2,40,1,1,1,6,4,9,U,12,3.65625,1.2057734376
31116,3,3,1,1,1,2,1,2,2,2,2,2,1,0,0,0,0,1,0,0,0,0,1,3,4,0,0,8,2,2,2,2,2,2,3,2,1,25,6,2,0,3,1,6,S,48,4.53125,1.4943346022
33016,3,1,1,1,1,2,1,1,1,2,2,2,2,0,0,0,6,0,11,1,2,1,1,1,4,4,0,1,1,1,2,2,2,2,2,2,1,68,1,2,0,4,3,7,S,25,2.28125,0.752320179
31516,3,3,1,1,2,0,1,3,1,2,2,2,1,0,0,0,0,2,0,0,0,0,3,3,0,0,0,2,0,0,0,0,0,0,1,1,1,40,1,1,0,2,1,99,S,6,5.78125,1.9065648373
31216,1,3,2,1,2,0,8,3,1,2,2,2,2,0,0,0,0,0,1,1,2,2,3,3,0,0,0,8,0,0,0,0,0,0,1,1,1,50,1,2,0,3,2,4,U,37,4.46875,1.4737230905
31116,4,3,1,1,1,8,1,2,1,1,1,2,1,6,3,0,0,3,10,2,2,2,1,3,1,0,0,2,2,2,1,1,2,1,3,1,1,16,6,2,0,2,4,8,R,4,4.96875,1.6386151845
31516,3,1,1,1,1,2,1,2,1,2,1,1,1,0,1,5,0,2,20,1,2,2,2,2,0,0,0,2,0,0,0,0,0,2,3,2,2,24,1,2,0,4,1,5,U,48,6.03125,1.9890108843
31116,3,1,1,1,1,2,1,2,1,2,2,2,1,0,0,0,5,1,10,1,2,2,1,2,4,0,0,8,1,2,1,2,2,2,1,1,2,45,6,2,0,4,1,3,U,12,4.40625,1.4531115787
31616,1,3,1,1,1,2,1,1,1,1,2,2,1,1,0,0,2,1,6,1,2,2,1,2,4,0,0,1,2,2,2,1,1,2,2,1,1,24,6,2,0,6,1,4,U,11,1.40625,0.4637590145
31116,3,1,1,2,1,2,2,3,1,2,2,2,2,0,0,0,0,0,6,1,2,2,1,3,4,0,0,8,1,2,2,2,2,1,2,1,2,75,1,2,0,8,3,99,U,6,1.34375,0.4431475027
31116,4,1,1,1,1,2,1,2,1,2,2,2,1,0,0,0,0,3,14,1,1,2,2,3,0,0,0,1,0,0,0,0,0,2,2,1,1,65,1,1,0,6,3,7,R,6,1.09375,0.3607014557
31116,3,3,1,1,1,2,1,3,1,2,2,2,2,0,0,0,0,0,2,1,2,2,1,3,4,0,0,2,2,2,2,1,2,2,2,2,2,36,3,1,0,6,1,3,S,48,4.84375,1.597392161
31116,2,1,1,1,1,2,1,3,1,2,2,1,1,0,0,3,6,2,12,1,1,1,2,2,0,0,0,8,0,0,0,0,0,2,3,1,2,57,3,2,0,7,2,4,U,8,1.5625,0.5152877939
31116,1,1,1,1,1,8,2,3,1,2,1,2,1,0,2,0,0,1,12,1,2,1,1,3,4,0,0,2,2,2,1,2,2,1,2,1,1,19,6,2,0,4,2,9,U,4,4,1.3191367523
31116,1,1,1,1,1,2,1,3,1,2,2,2,2,0,0,0,0,0,32,1,1,1,1,3,1,0,0,1,1,1,2,1,1,1,1,2,1,55,1,2,0,8,3,9,U,4,1.21875,0.4019244792
31216,4,1,1,1,1,1,1,2,1,2,2,1,1,0,0,9,0,3,50,1,1,1,1,1,1,1,0,1,1,1,2,1,1,1,1,1,2,70,3,2,0,4,3,6,S,53,1.34375,0.4431475027
31216,1,8,2,2,0,0,2,3,2,0,0,0,0,0,0,0,0,0,50,1,2,2,1,3,4,0,0,2,2,2,2,2,2,2,8,8,1,30,6,2,0,3,1,1,S,22,5.34375,1.762284255
31216,4,2,1,1,1,2,1,2,1,2,2,2,1,0,0,0,0,6,3,1,2,2,1,1,4,4,0,1,1,1,1,2,2,1,3,1,2,57,1,1,0,8,1,6,R,30,1.65625,0.5462050615
31216,2,1,1,1,1,2,1,2,1,2,2,2,2,0,0,0,3,0,50,2,1,1,3,3,0,0,0,8,0,0,0,0,0,0,3,2,1,69,2,2,0,5,1,9,S,6,1.59375,0.5255935497
31216,4,1,1,1,1,5,1,3,1,2,1,2,1,0,1,0,3,1,4,1,2,2,1,1,1,4,0,1,1,2,1,2,2,1,1,1,1,20,6,2,0,4,2,8,R,8,4.21875,1.3912770434
32716,3,1,1,1,1,2,1,3,1,2,2,2,1,0,0,0,5,2,20,1,1,2,1,2,4,0,0,8,2,2,2,1,1,2,2,2,1,51,1,1,0,8,1,8,R,49,1.5625,0.5152877939
40216,2,3,2,2,0,0,8,3,2,0,0,0,0,0,0,0,0,0,0,0,0,0,3,3,0,0,0,1,0,0,0,0,0,0,1,1,2,50,2,2,0,1,1,2,U,6,4.71875,1.5561691375
31216,4,1,1,2,1,4,2,3,1,2,1,1,1,0,5,6,0,1,50,1,2,2,1,3,3,0,0,8,1,1,2,2,2,2,1,1,2,67,1,2,0,3,3,4,R,19,2.25,0.7420144232
32816,3,3,1,1,1,2,1,2,1,2,2,2,2,0,0,0,0,0,5,1,1,1,1,2,4,0,0,1,2,2,1,2,2,2,1,1,2,45,1,1,0,8,1,9,S,17,1.90625,0.6286511085
31616,3,2,2,1,1,5,8,3,2,2,2,2,1,0,0,0,0,1,1,1,1,1,1,1,4,4,0,8,2,1,1,2,2,1,1,1,1,48,3,2,0,2,4,2,S,39,2.78125,0.9172122731
31216,1,1,1,1,1,2,1,2,1,2,1,2,1,0,5,0,0,2,97,1,1,1,1,3,4,0,0,1,2,2,2,2,2,2,2,1,1,72,1,2,0,6,3,8,U,6,1,0.3297841881
31216,4,3,1,1,1,4,1,2,1,2,2,1,2,0,0,5,0,0,5,1,1,1,2,9,0,0,0,1,0,0,0,0,0,2,2,1,1,35,1,1,3,2,1,4,S,6,6.3125,2.0817626872
31216,3,2,2,2,0,0,2,3,2,0,0,0,0,0,0,0,0,0,0,0,0,0,3,3,0,0,0,1,0,0,0,0,0,0,2,1,1,67,1,2,0,4,3,5,U,6,1.59375,0.5255935497
31716,1,3,1,1,1,1,8,2,1,2,2,2,1,0,0,0,0,8,4,1,2,2,1,3,3,0,0,2,1,1,1,1,2,2,1,1,1,60,4,2,0,6,4,1,U,12,1.96875,0.6492626203
31216,4,2,1,1,1,2,1,3,1,2,2,2,1,0,0,0,0,2,0,0,0,0,2,8,0,0,0,8,0,0,0,0,0,2,3,2,1,27,2,2,0,3,1,7,S,33,6.9375,2.2878778048
31216,1,3,2,1,2,0,1,3,2,2,2,2,1,0,0,0,0,3,5,8,1,2,3,3,0,0,0,2,0,0,0,0,0,0,2,2,1,45,3,2,0,2,1,3,S,48,4.125,1.3603597758
31216,1,1,1,1,2,0,2,3,2,2,2,2,1,0,0,0,0,2,0,0,0,0,3,3,0,0,0,1,0,0,0,0,0,0,1,1,1,54,6,2,0,3,6,2,U,47,3.375,1.1130216347
31216,2,1,1,1,1,2,1,3,1,1,1,1,1,6,6,2,2,1,10,1,1,1,2,3,0,0,0,1,0,0,0,0,0,1,3,1,1,59,1,2,0,8,1,8,S,36,1.125,0.3710072116
31216,1,1,1,1,1,5,1,3,2,2,2,2,1,0,0,0,0,3,4,1,2,2,1,1,2,1,0,1,1,1,1,2,2,1,3,3,2,57,5,2,0,3,4,3,S,22,5.5625,1.8344245462
31316,4,1,2,2,0,0,2,3,2,0,0,0,0,0,0,0,0,0,0,0,0,0,3,3,0,0,0,8,0,0,0,0,0,0,1,1,1,62,1,2,0,3,3,4,U,1,2.53125,0.8347662261
31216,3,1,2,2,0,0,2,3,1,0,0,0,0,0,0,0,0,0,1,1,2,2,1,3,3,0,0,2,2,2,1,2,2,2,1,1,1,53,1,2,0,3,6,4,R,19,2.53125,0.8347662261
31216,3,3,1,1,1,2,1,2,1,2,2,1,1,0,0,5,0,3,12,1,2,2,2,3,0,0,0,2,0,0,0,0,0,2,3,2,1,23,6,2,0,3,1,3,S,6,4.53125,1.4943346022
31716,3,1,1,1,8,0,8,3,2,2,2,2,1,0,0,0,0,3,1,1,2,2,3,3,0,0,0,1,0,0,0,0,0,0,1,1,1,27,3,1,0,3,1,3,S,17,4.625,1.5252518698
31216,1,1,1,1,1,2,2,2,1,2,2,2,2,0,0,0,0,0,0,0,0,0,2,3,0,0,0,8,0,0,0,0,0,2,3,3,1,55,1,2,0,1,3,8,S,6,3.4375,1.1336331465
31316,3,9,1,1,1,2,1,3,1,2,2,2,1,0,0,0,0,2,0,0,0,0,2,3,0,0,0,1,0,0,0,0,0,2,2,1,1,52,1,2,0,5,1,8,R,38,2.25,0.7420144232
31316,2,1,1,1,1,2,1,2,1,2,2,1,1,0,0,3,0,2,4,1,1,1,2,3,0,0,0,1,0,0,0,0,0,2,1,1,2,58,1,2,0,4,1,8,S,42,4.15625,1.3706655317
32716,1,1,1,1,1,2,2,2,1,2,2,2,1,0,0,0,0,1,50,1,2,2,1,1,2,4,0,1,1,1,2,2,1,2,1,1,2,74,1,2,0,6,3,5,U,4,1,0.3297841881
40116,1,1,1,2,1,2,1,3,1,2,2,2,2,0,0,0,0,0,2,1,2,2,2,3,0,0,0,8,0,0,0,0,0,2,2,1,1,60,1,2,0,6,1,8,U,6,1,0.3297841881
31316,3,1,1,1,1,2,1,2,1,1,2,1,1,3,0,1,5,3,50,1,1,1,1,1,4,2,3,1,1,2,2,2,2,2,1,1,2,59,3,2,0,6,1,4,U,12,1.96875,0.6492626203
31316,3,1,2,2,0,0,2,3,2,0,0,0,0,0,0,0,0,0,0,0,0,0,1,3,4,0,0,1,2,1,2,2,2,2,2,1,2,62,6,2,0,5,6,1,R,17,3.3125,1.092410123
33116,2,3,1,1,1,2,1,2,1,1,1,2,1,1,2,0,3,2,3,1,2,2,1,3,4,0,0,2,1,2,2,2,2,2,2,2,1,17,6,2,0,2,2,9,S,6,3.8125,1.257302217
31316,2,1,1,1,1,2,1,1,1,2,1,2,1,0,2,0,3,2,97,1,2,1,1,3,4,0,0,1,1,2,2,2,2,2,2,2,1,58,1,2,0,7,1,9,S,42,1.21875,0.4019244792
31316,3,3,1,1,1,2,1,3,1,1,2,2,1,6,0,0,0,1,0,0,0,0,2,3,0,0,0,8,0,0,0,0,0,2,3,8,1,36,2,1,0,2,1,6,U,32,3.90625,1.2882194847
31316,4,1,1,1,1,2,1,2,1,2,2,2,2,0,0,0,0,0,2,2,1,2,2,3,0,0,0,8,0,0,0,0,0,2,3,3,1,58,2,2,0,4,1,6,S,13,2,0.6595683761
31316,2,2,1,1,1,2,1,3,1,1,1,1,1,6,1,2,6,1,20,1,2,2,1,2,3,0,0,1,1,2,1,2,2,1,1,1,2,25,1,1,0,4,2,3,U,4,6.9375,2.2878778048
31316,2,1,1,1,1,2,1,2,1,1,2,2,1,3,0,0,3,1,25,1,2,1,2,3,0,0,0,1,0,0,0,0,0,2,2,1,1,64,3,2,0,8,2,8,R,27,1,0.3297841881
31316,2,1,1,1,1,2,1,2,1,2,2,2,1,0,0,0,5,5,5,2,1,1,2,3,0,0,0,1,0,0,0,0,0,2,2,2,2,74,3,2,0,4,2,99,S,17,1.25,0.4122302351
31316,1,1,1,1,1,4,1,3,2,2,2,2,1,0,0,0,0,1,30,1,2,1,2,2,0,0,0,8,0,0,0,0,0,2,2,2,2,42,6,2,0,4,1,4,U,35,6.59375,2.1745144901
31316,2,2,1,1,1,2,1,2,1,1,2,1,1,6,0,6,5,2,6,1,1,1,1,1,4,4,0,1,1,1,2,1,2,1,2,1,2,22,6,2,0,6,4,7,U,24,2.25,0.7420144232
31316,2,1,2,1,1,2,1,2,1,2,2,2,2,0,0,0,5,0,0,0,0,0,1,1,4,3,0,1,1,1,1,2,2,1,1,1,1,70,1,2,0,8,1,6,U,35,2.03125,0.669874132
31316,2,1,1,1,1,2,1,3,1,2,2,2,1,0,0,0,0,1,4,2,2,1,2,3,0,0,0,8,0,0,0,0,0,2,3,2,1,46,1,1,0,5,1,6,S,37,2.34375,0.7729316908
31316,4,1,1,1,1,2,2,2,1,2,2,2,1,0,0,0,0,5,5,1,2,2,3,3,0,0,0,8,0,0,0,0,0,0,2,2,2,64,1,2,0,6,3,99,R,30,1.65625,0.5462050615
31316,2,3,1,1,1,2,1,3,1,2,2,2,2,0,0,0,0,0,10,1,2,1,2,1,0,3,0,1,0,0,0,0,0,2,2,1,2,18,6,2,0,3,4,7,S,6,5.8125,1.9168705932
31316,1,1,1,1,1,2,1,2,1,1,2,2,1,5,0,0,0,6,3,2,1,1,1,1,4,4,0,8,1,2,1,1,1,2,2,3,1,54,6,2,0,4,1,8,U,6,2.65625,0.8759892496
31316,3,2,1,1,1,2,1,2,1,1,1,1,1,3,1,5,0,1,1,1,2,2,2,3,0,0,0,1,0,0,0,0,0,2,3,1,1,42,1,1,0,6,1,8,S,53,3.15625,1.0408813436
31316,3,1,1,1,1,2,1,2,1,2,2,2,1,0,0,0,0,2,0,0,0,0,2,3,0,0,0,8,0,0,0,0,0,2,3,2,2,39,3,1,2,3,1,4,S,12,6.375,2.102374199
32716,3,1,1,1,1,2,1,2,1,1,1,1,1,2,3,3,5,1,36,1,2,2,1,1,2,4,0,1,1,1,1,1,1,1,1,1,2,40,1,1,0,6,1,6,R,47,3.96875,1.3088309964
31316,3,1,1,1,1,2,1,2,1,2,2,2,1,0,0,0,0,2,6,1,2,2,1,3,2,0,0,1,1,2,2,2,2,2,1,1,2,80,5,2,0,5,3,5,U,41,2.75,0.9069065172
31316,2,1,2,2,0,0,8,3,1,0,0,0,0,0,0,0,0,0,3,1,2,2,2,3,0,0,0,1,0,0,0,0,0,2,2,2,2,88,5,2,0,3,4,4,S,26,2.0625,0.6801798879
33016,1,3,1,1,2,0,1,3,2,2,1,2,1,0,3,0,0,3,2,2,2,2,1,3,2,0,0,2,1,1,1,1,1,1,1,1,1,28,4,1,0,2,1,3,S,6,6.625,2.184820246
31316,1,3,1,1,1,2,1,3,1,2,2,2,1,0,0,0,3,1,0,0,0,0,3,3,0,0,0,8,0,0,0,0,0,0,1,1,1,50,1,1,0,3,1,3,S,34,2.75,0.9069065172
31316,3,1,1,1,1,2,1,2,1,2,2,2,1,0,0,0,0,1,3,2,2,1,1,1,4,4,4,1,1,2,2,2,2,2,2,1,2,48,1,1,0,8,1,4,S,53,2.40625,0.7935432026
31816,2,3,1,1,1,2,1,3,1,2,2,1,1,0,0,5,0,1,0,0,0,0,3,2,0,0,0,8,0,0,0,0,0,0,3,2,1,27,6,2,0,6,1,7,S,51,2.8125,0.927518029
31316,1,1,1,1,1,2,1,3,1,2,2,2,2,0,0,0,0,0,5,9,1,2,3,2,0,0,0,1,0,0,0,0,0,0,2,1,1,68,1,2,0,8,2,8,U,18,1.3125,0.4328417468
31316,2,1,1,1,1,2,1,2,1,1,2,2,1,3,0,0,0,1,5,1,2,1,1,3,2,0,1,1,1,1,2,2,2,2,1,1,1,40,1,1,0,5,1,7,U,39,2.8125,0.927518029
31316,1,3,1,1,1,4,1,2,2,2,2,2,1,0,0,0,0,1,1,1,2,2,3,3,0,0,0,1,0,0,0,0,0,0,3,2,2,22,1,1,2,3,4,3,U,17,5.25,1.7313669874
31316,2,3,2,1,1,2,1,2,1,1,2,1,1,2,0,6,0,1,0,0,0,0,3,3,0,0,0,2,0,0,0,0,0,0,3,2,1,17,6,1,1,2,4,5,S,13,3.875,1.2779137288
31316,1,3,1,2,1,2,2,3,1,2,2,2,2,0,0,0,0,0,15,1,2,2,1,3,1,0,0,8,1,2,1,2,2,2,2,2,1,99,9,9,0,99,2,99,U,36,1.3125,0.4328417468
31316,4,1,2,2,0,0,8,3,1,0,0,0,0,0,0,0,0,0,98,0,0,0,1,3,1,0,0,1,1,1,1,2,2,2,1,1,1,57,1,2,0,3,4,4,R,40,2.90625,0.9584352966
31516,3,1,1,1,1,2,1,2,1,2,2,2,1,0,0,0,3,3,3,2,2,1,2,3,0,0,0,1,0,0,0,0,0,2,3,1,2,69,5,2,0,5,3,4,U,12,1.46875,0.4843705262
31516,3,1,1,1,1,2,1,2,1,2,2,2,1,0,0,0,2,1,0,0,0,0,2,3,0,0,0,1,0,0,0,0,0,2,2,1,1,50,1,1,0,3,1,9,S,45,2.84375,0.9378237848
31516,3,1,1,1,1,2,1,2,1,2,2,1,2,0,0,5,5,0,10,1,2,2,2,2,0,0,0,2,0,0,0,0,0,2,3,3,2,24,6,2,0,6,1,7,U,25,2.96875,0.9790468083
31516,2,1,2,2,0,0,1,3,2,0,0,0,0,0,0,0,0,0,1,1,2,2,1,3,3,0,0,8,2,2,1,2,2,2,2,2,1,38,3,2,0,2,6,1,U,39,5.21875,1.7210612315
31516,1,1,1,1,1,2,1,2,1,2,2,2,1,0,0,0,0,1,4,1,1,1,2,3,0,0,0,1,0,0,0,0,0,2,3,1,1,51,1,2,0,4,1,6,S,18,2.90625,0.9584352966
31516,1,2,1,1,1,3,8,2,1,1,1,1,1,5,3,3,3,3,98,0,0,0,3,3,0,0,0,1,0,0,0,0,0,0,3,8,1,23,2,1,1,2,2,1,U,48,3.9375,1.2985252405
31916,2,1,1,1,1,2,1,2,1,2,2,2,1,0,0,0,0,6,10,1,2,1,1,1,3,3,3,1,1,2,2,2,2,2,1,1,1,42,1,1,0,8,1,9,S,39,3,0.9893525642
31516,1,3,1,1,1,2,1,3,1,1,1,2,1,1,1,0,5,1,0,0,0,0,1,3,4,0,0,1,1,1,1,2,2,2,1,1,1,44,6,2,0,5,2,99,U,12,4.53125,1.4943346022
32816,2,1,1,1,1,2,1,1,1,2,2,2,1,0,0,0,0,6,1,2,2,1,1,1,4,4,0,1,2,1,2,2,2,1,3,2,1,72,1,2,0,5,3,7,U,1,1.90625,0.6286511085
31516,3,1,1,1,1,2,1,2,1,2,2,2,1,0,0,0,0,1,50,1,2,1,1,3,4,0,0,1,2,2,2,2,2,2,3,1,2,69,1,2,0,8,3,8,S,12,1.125,0.3710072116
31516,1,1,1,1,1,2,1,2,1,1,1,1,1,5,5,5,5,2,30,1,2,1,1,1,2,3,0,1,1,2,1,2,2,2,1,1,2,28,6,2,0,6,1,6,S,34,3.34375,1.1027158789
31516,3,1,1,1,1,2,1,3,1,2,1,1,1,0,1,1,0,1,5,1,2,2,1,1,4,4,0,1,1,2,1,2,2,2,1,1,2,46,2,2,0,6,1,3,R,18,1.5,0.4946762821
31516,3,1,1,1,1,2,1,2,1,2,2,2,2,0,0,0,0,0,0,0,0,0,2,3,0,0,0,8,0,0,0,0,0,2,3,2,1,47,1,1,0,3,1,8,U,33,3.15625,1.0408813436
31516,3,3,2,2,0,0,2,3,2,0,0,0,0,0,0,0,0,0,0,0,0,0,3,3,0,0,0,2,0,0,0,0,0,0,1,1,2,46,6,2,0,3,4,1,S,25,2.40625,0.7935432026
31516,3,1,1,1,1,2,1,2,1,1,2,1,1,3,0,3,6,1,15,1,2,1,1,1,4,4,0,8,2,2,2,1,1,1,3,2,2,21,2,2,0,7,2,4,U,27,2.40625,0.7935432026
31616,4,1,1,1,1,2,1,2,1,1,1,1,1,1,1,2,3,1,97,1,2,1,1,1,4,3,0,1,1,2,1,2,2,1,1,1,2,58,1,2,0,6,1,9,S,42,1.59375,0.5255935497
31616,2,1,1,1,1,2,1,1,1,2,2,2,1,0,0,0,0,1,12,1,2,2,1,1,3,4,0,1,1,1,2,2,2,2,1,2,2,40,1,1,0,7,1,9,S,42,3.5,1.1542446583
31616,2,1,1,1,1,1,1,3,1,2,2,1,1,0,0,5,0,1,7,1,2,2,1,3,4,0,0,1,1,1,2,1,2,1,1,1,2,53,6,2,0,8,3,5,S,35,2.6875,0.8862950054
32716,2,1,1,1,1,2,1,2,1,2,1,1,1,0,6,5,6,5,52,1,1,2,1,1,3,1,1,1,1,2,2,2,2,2,1,1,2,48,3,1,0,8,1,7,S,48,1.1875,0.3916187233
31616,4,1,1,1,1,2,1,3,1,2,2,1,1,0,0,5,0,2,15,1,2,1,1,1,3,4,0,1,1,2,2,1,2,2,1,1,1,60,1,1,0,6,1,8,R,19,1,0.3297841881
31616,3,1,1,2,1,2,2,3,1,2,2,2,1,0,0,0,0,2,4,1,2,2,3,3,0,0,0,8,0,0,0,0,0,0,1,1,2,47,1,1,0,6,4,8,R,46,1.96875,0.6492626203
31616,2,1,1,1,1,2,1,2,1,1,1,1,1,3,2,3,2,1,20,1,2,2,1,1,3,4,0,1,1,2,1,2,2,1,1,1,1,45,3,2,0,3,4,6,S,17,3.15625,1.0408813436
31616,3,3,1,1,2,0,1,2,2,2,2,2,1,0,0,0,0,2,0,0,0,0,2,3,0,0,0,1,0,0,0,0,0,2,1,1,1,58,1,2,0,5,3,5,R,19,1.03125,0.340089944
31616,4,1,1,1,1,2,1,2,1,2,2,2,2,0,0,0,0,0,4,1,2,2,2,1,0,3,0,8,0,0,0,0,0,1,2,2,1,18,6,2,0,5,2,98,S,6,3.8125,1.257302217
31616,1,1,1,1,1,2,1,2,1,1,1,2,1,2,1,0,3,2,30,1,1,1,2,2,0,0,0,1,0,0,0,0,0,2,2,2,1,33,6,2,0,4,1,6,U,48,6.9375,2.2878778048
31616,1,3,1,1,1,2,1,2,1,1,1,1,1,1,3,6,0,5,6,1,2,2,1,3,3,0,0,2,1,2,1,2,2,2,1,1,2,17,6,2,0,3,2,8,U,6,4.09375,1.3500540199
31716,2,1,1,2,1,2,2,3,1,2,2,2,2,0,0,0,0,0,5,1,2,8,1,3,4,0,0,1,1,1,2,1,2,2,2,1,2,62,3,2,0,4,4,2,S,27,1.875,0.6183453526
31716,1,3,2,2,0,0,8,3,2,0,0,0,0,0,0,0,0,0,0,0,0,0,3,3,0,0,0,1,0,0,0,0,0,0,1,1,2,62,2,2,0,3,4,98,U,6,6.90625,2.2775720489
31716,2,1,1,1,1,2,1,2,1,2,2,2,1,0,0,0,5,3,25,1,2,1,1,1,4,2,0,1,1,2,2,2,2,2,1,1,1,64,1,2,0,6,3,8,S,18,1.03125,0.340089944
31716,2,1,1,1,1,2,1,3,1,2,2,2,2,0,0,0,0,0,2,1,2,2,3,3,0,0,0,8,0,0,0,0,0,0,2,2,1,52,3,1,0,8,1,8,S,13,1.375,0.4534532586
31716,3,1,1,1,1,2,1,2,1,1,2,2,1,1,0,0,6,3,50,1,1,1,1,3,4,0,0,1,1,2,2,2,2,2,2,2,1,23,6,2,0,8,4,7,U,12,1.53125,0.504982038
31716,3,1,1,1,1,2,1,2,1,2,2,2,1,0,0,0,0,3,0,0,0,0,2,3,0,0,0,8,0,0,0,0,0,2,3,2,1,48,1,2,0,3,1,5,S,51,2.25,0.7420144232
31716,3,1,1,1,1,2,1,2,1,2,1,1,1,0,3,1,3,1,10,1,2,1,1,1,2,3,0,1,1,2,2,2,2,2,2,1,2,45,1,1,0,8,1,9,S,34,2.125,0.7007913997
32116,1,1,1,1,1,2,1,2,1,1,1,1,1,1,6,6,2,1,8,1,1,1,3,3,0,0,3,1,0,0,0,0,0,0,1,1,2,66,1,2,0,4,5,9,U,12,3,0.9893525642
31716,3,1,1,1,1,2,2,3,1,2,2,2,2,0,0,0,0,0,4,1,2,2,1,3,4,0,0,1,2,2,2,1,1,1,1,1,1,67,1,2,0,3,3,6,S,55,2.84375,0.9378237848
31716,1,1,1,1,1,2,1,2,1,2,1,1,2,0,1,3,3,0,2,1,2,2,1,1,4,4,0,1,2,1,1,2,2,2,3,1,2,30,1,2,0,7,1,9,U,17,2.9375,0.9687410525
31716,3,1,2,2,0,0,2,3,2,0,0,0,0,0,0,0,0,0,1,1,1,2,3,3,0,0,0,8,0,0,0,0,0,0,3,2,1,66,4,2,0,1,3,1,R,13,4.0625,1.339748264
31716,1,1,1,1,1,1,1,3,2,2,2,1,1,0,0,3,0,3,0,0,0,0,1,3,2,0,0,1,1,2,1,2,2,2,1,1,1,59,6,2,0,5,3,3,U,46,2.28125,0.752320179
31716,1,1,1,1,1,2,1,2,1,2,1,2,1,0,2,0,6,1,2,1,2,2,2,2,0,0,0,1,0,0,0,0,0,2,1,1,1,29,1,1,1,5,1,6,U,36,6.4375,2.1229857107
31716,2,3,1,1,1,2,1,2,1,1,2,2,1,1,0,0,0,1,15,1,1,2,1,3,4,0,0,1,2,2,1,2,2,1,3,1,1,26,6,2,0,8,7,4,S,25,3.6875,1.2160791935
31716,3,3,1,1,2,0,8,3,1,1,1,2,1,6,2,0,0,6,0,0,0,0,3,3,0,0,0,2,0,0,0,0,0,0,1,1,2,45,1,1,1,1,4,4,S,6,5.5,1.8138130344
31716,8,3,2,2,0,0,2,3,2,0,0,0,0,0,0,0,0,0,10,1,2,2,3,3,0,0,0,2,0,0,0,0,0,0,1,1,2,33,6,1,1,1,4,98,U,37,6.9375,2.2878778048
31716,1,3,1,2,1,2,8,3,1,1,2,2,1,6,0,0,0,6,0,0,0,0,2,2,0,0,0,1,0,0,0,0,0,2,1,1,2,60,6,2,0,7,4,1,R,53,1.65625,0.5462050615
31716,1,1,1,1,1,2,1,3,1,2,2,2,2,0,0,0,0,0,6,1,2,2,1,3,4,0,0,8,1,2,2,2,2,1,2,2,1,54,1,2,0,5,1,8,S,47,3.5625,1.17485617
31716,1,1,1,1,1,2,1,3,1,2,2,2,1,0,0,0,0,1,1,1,2,1,2,3,0,0,0,8,0,0,0,0,0,2,3,8,1,85,1,2,0,1,2,4,U,22,3.125,1.0305755877
32716,3,3,1,1,1,1,1,2,1,1,2,2,1,1,0,0,1,1,4,2,2,1,1,1,2,1,0,2,2,1,1,1,2,1,2,1,1,22,6,2,0,5,7,8,S,17,4.3125,1.4221943111
31716,3,2,2,2,0,0,1,2,1,0,0,0,0,0,0,0,0,0,0,0,0,0,1,3,3,0,0,8,2,2,2,1,2,2,3,2,2,49,2,2,0,6,4,1,S,6,2.40625,0.7935432026
31716,4,3,2,2,0,0,2,3,1,0,0,0,0,0,0,0,0,0,7,1,2,2,1,2,2,0,0,2,1,1,2,2,2,1,1,1,1,53,6,2,0,3,3,1,S,6,2.53125,0.8347662261
31816,3,3,1,1,1,2,1,3,2,2,2,1,2,0,0,3,6,0,0,0,0,0,3,3,0,0,0,1,0,0,0,0,0,0,3,1,1,51,4,1,0,3,2,1,R,12,2.71875,0.8966007613
31816,3,3,1,1,1,2,1,3,1,2,2,2,2,0,0,0,0,0,6,1,2,2,1,3,4,0,0,8,1,2,1,2,2,2,2,1,1,20,6,2,0,3,2,6,S,25,4.5,1.4840288463
31816,2,1,1,1,1,2,1,3,1,1,1,1,1,1,1,6,5,1,0,0,0,0,1,3,4,0,0,1,2,1,2,2,2,2,3,2,1,21,6,2,0,6,1,9,S,24,1.71875,0.5668165733
31816,2,1,1,2,1,2,2,3,1,2,2,2,2,0,0,0,0,0,0,0,0,0,1,3,1,0,0,8,2,2,2,2,2,2,1,1,1,61,1,1,0,4,1,4,S,36,1.625,0.5358993056
31816,2,1,1,1,1,2,1,2,1,2,2,2,1,0,0,0,6,2,12,1,2,2,1,1,1,1,0,1,1,1,1,2,2,1,2,2,1,41,1,1,0,8,1,98,S,24,4.3125,1.4221943111
31816,1,3,1,1,1,2,1,2,1,1,1,1,1,2,2,2,2,1,4,1,2,2,2,2,0,0,0,8,0,0,0,0,0,2,3,2,1,27,1,1,2,6,1,4,U,37,3.03125,0.9996583201
31816,3,1,1,1,1,2,1,3,2,1,1,2,2,6,2,0,0,0,4,1,2,2,1,1,4,4,0,1,1,1,1,2,2,1,1,1,1,29,3,1,2,3,1,5,U,12,5.46875,1.8035072785
31816,2,1,1,1,1,2,1,2,1,1,1,1,1,1,1,3,1,1,17,1,2,1,1,3,4,0,0,8,1,2,2,2,2,2,2,1,1,30,6,2,0,6,1,6,S,20,3.21875,1.0614928554
31816,2,1,1,1,1,2,1,2,2,2,2,2,2,0,0,0,0,0,30,1,2,2,1,1,3,4,0,1,1,1,1,1,1,2,1,1,2,54,1,1,0,8,4,7,U,25,2.4375,0.8038489584
32116,1,1,1,1,1,2,1,2,1,2,1,1,1,0,2,5,3,5,10,1,2,2,1,1,4,4,0,8,1,1,2,2,2,1,2,1,2,56,1,1,0,6,1,9,U,48,1.8125,0.5977338409
31816,3,1,1,1,1,2,8,2,1,2,2,2,1,0,0,0,0,3,1,1,2,2,1,3,4,0,0,2,1,2,2,2,2,2,3,2,2,31,2,1,2,3,4,2,U,26,6.9375,2.2878778048
31816,1,3,2,2,0,0,2,3,2,0,0,0,0,0,0,0,0,0,2,1,1,2,2,3,0,0,0,1,0,0,0,0,0,2,2,2,1,79,1,2,0,3,3,4,U,20,2.84375,0.9378237848
32316,3,1,1,1,1,2,1,2,1,2,2,2,2,0,0,0,0,0,2,1,2,2,2,3,0,0,0,8,0,0,0,0,0,2,3,1,1,60,1,2,0,6,1,9,U,32,1.03125,0.340089944
40316,3,1,1,1,1,2,1,1,2,1,1,1,1,2,6,6,6,6,7,1,2,2,1,3,4,0,0,2,2,2,2,2,2,2,3,3,1,48,6,2,0,3,2,1,R,1,3.0625,1.009964076
31816,1,1,1,1,1,2,1,3,1,2,2,2,1,0,0,0,3,3,0,0,0,0,2,3,0,0,0,1,0,0,0,0,0,2,3,1,1,57,1,2,0,6,1,8,U,39,1.0625,0.3503956998
31816,4,1,1,1,1,2,1,2,1,2,2,1,1,0,0,3,0,2,12,1,2,1,1,1,3,1,1,1,1,1,2,2,2,2,1,1,2,63,5,2,0,3,1,4,S,39,4.6875,1.5458633816
31816,4,1,1,1,1,2,1,2,1,2,2,1,1,0,0,5,6,3,15,1,2,2,1,3,1,0,0,1,1,2,1,2,2,2,1,1,2,30,1,1,1,6,1,8,S,31,2.875,0.9481295407
31916,1,1,1,1,1,2,1,2,1,1,2,1,1,3,0,1,0,1,26,1,2,2,1,2,4,0,0,1,1,2,2,1,2,2,1,1,1,30,1,1,2,7,1,4,U,47,2.625,0.8656834937
40416,2,3,1,1,1,1,1,2,1,1,1,2,1,2,1,0,0,1,1,1,2,1,1,3,4,0,0,1,1,1,1,2,1,2,2,2,1,22,6,2,0,3,2,3,S,12,4.28125,1.4118885552
31916,1,3,1,1,1,4,1,3,1,2,1,2,1,0,5,0,3,1,0,0,0,0,3,3,0,0,0,8,0,0,0,0,0,0,1,8,2,38,1,1,0,6,1,3,U,36,4.59375,1.514946114
32316,3,1,1,1,1,2,1,3,2,2,2,2,1,0,0,0,0,3,5,1,2,2,2,3,0,0,0,8,0,0,0,0,0,2,3,2,2,69,2,2,0,4,2,4,U,30,1.65625,0.5462050615
31916,1,8,1,1,1,1,1,3,1,2,2,2,2,0,0,0,0,0,2,1,1,1,3,3,0,0,0,1,0,0,0,0,0,0,3,3,1,51,1,1,3,5,4,1,S,12,5.1875,1.7107554756
31916,1,1,1,1,1,2,1,2,1,2,2,1,1,0,0,2,5,2,12,1,2,2,2,3,0,0,0,8,0,0,0,0,0,2,3,2,2,30,1,1,1,6,1,8,U,6,2.71875,0.8966007613
31916,1,1,1,1,1,2,1,2,1,1,2,2,2,3,0,0,0,0,2,1,2,1,2,2,0,0,0,8,0,0,0,0,0,2,1,1,1,58,6,2,0,6,1,8,S,32,1,0.3297841881
31916,3,1,2,1,2,0,2,3,2,2,2,2,2,0,0,0,0,0,1,1,1,2,3,3,0,0,0,2,0,0,0,0,0,0,3,1,1,59,1,2,0,3,1,2,R,40,2.75,0.9069065172
31916,3,1,1,1,1,2,1,2,1,2,2,2,1,0,0,0,0,2,5,1,1,1,1,1,4,4,4,1,1,2,2,2,2,2,2,1,2,49,1,1,0,6,1,8,U,29,1.84375,0.6080395968
31916,2,3,1,1,1,8,1,3,2,2,2,2,2,0,0,0,0,0,45,1,2,1,1,1,4,4,0,8,1,2,2,2,2,2,2,1,2,16,6,2,0,2,4,7,S,47,4.4375,1.4634173346
32616,1,1,1,1,2,0,1,2,2,2,2,2,1,0,0,0,0,1,2,1,2,2,1,3,4,0,0,8,2,2,2,1,2,2,1,1,1,58,5,2,0,3,1,2,U,36,2.875,0.9481295407
40316,3,1,1,2,1,2,2,3,1,2,2,2,1,0,0,0,0,6,2,1,2,2,2,3,0,0,0,8,0,0,0,0,0,2,3,1,2,61,1,2,0,8,3,7,U,37,1.6875,0.5565108174
31916,1,1,1,1,1,8,1,3,1,2,1,1,1,0,1,5,0,1,12,1,2,1,1,1,4,4,4,1,1,2,2,2,2,1,1,2,2,23,6,2,0,7,4,99,U,17,1.84375,0.6080395968
31916,1,3,1,1,1,2,1,3,1,2,1,1,1,0,1,1,0,1,15,1,1,1,1,1,1,4,0,8,1,2,1,1,1,1,1,1,1,20,6,2,0,4,2,5,S,12,4.8125,1.5870864051
31916,2,1,1,1,1,2,1,2,1,1,1,2,1,2,1,0,3,1,2,1,2,1,2,2,0,0,0,8,0,0,0,0,0,2,2,2,1,46,1,1,0,5,1,9,S,18,2.40625,0.7935432026
31916,4,1,2,1,2,0,1,1,1,2,2,2,1,0,0,0,0,2,25,1,2,2,1,3,3,0,0,1,1,2,2,2,2,2,1,1,2,72,1,2,0,6,1,6,R,19,1,0.3297841881
31916,3,1,1,1,1,2,1,2,1,1,1,1,1,6,5,5,6,1,4,1,2,1,1,3,4,0,0,1,2,2,2,2,2,2,2,1,2,63,1,2,0,6,1,8,R,46,1.6875,0.5565108174
32316,3,1,1,1,2,0,1,3,2,1,2,2,1,5,0,0,0,1,4,1,2,2,1,1,2,4,4,1,1,1,1,2,2,2,2,1,2,62,4,2,0,5,4,8,U,6,4.15625,1.3706655317
31916,1,1,1,1,1,2,1,2,1,2,2,2,2,0,0,0,5,0,50,1,2,2,1,1,3,3,4,1,1,2,2,2,2,2,1,2,2,36,1,2,0,8,5,9,U,6,3.6875,1.2160791935
32816,3,1,1,1,1,2,1,2,1,1,1,1,1,3,2,6,0,2,3,1,2,1,1,2,2,0,0,1,1,2,1,1,2,2,2,1,1,21,6,2,0,4,1,7,S,6,3.8125,1.257302217
31916,2,1,1,1,1,2,1,2,1,2,1,1,1,0,3,3,0,2,97,1,2,1,1,1,4,4,0,1,1,2,2,2,2,1,2,1,2,38,1,1,2,5,1,6,S,8,6.90625,2.2775720489
31916,4,3,2,1,2,0,2,3,2,2,2,2,1,0,0,0,0,3,0,0,0,0,2,3,0,0,0,8,0,0,0,0,0,2,3,2,1,37,6,2,0,3,1,2,U,49,3.90625,1.2882194847
32016,4,1,1,1,1,2,1,2,1,2,2,2,2,0,0,0,0,0,24,1,1,1,1,1,4,4,0,1,2,2,2,2,2,2,3,1,2,51,1,2,0,6,1,6,R,24,2.125,0.7007913997
32016,1,1,2,1,2,0,1,2,2,2,2,2,1,0,0,0,0,1,0,0,0,0,3,3,0,0,0,1,0,0,0,0,0,0,1,1,1,26,1,1,2,3,1,2,S,1,4.46875,1.4737230905
32516,3,3,1,1,1,2,1,2,1,2,2,1,2,0,0,5,6,0,20,1,2,2,2,1,0,4,0,2,0,0,0,0,0,2,2,1,2,30,6,1,0,6,1,6,S,42,2.6875,0.8862950054
32016,4,1,1,1,1,8,1,3,1,2,1,2,1,0,3,0,0,3,2,1,2,2,3,1,0,4,0,2,0,0,0,0,0,0,1,1,1,17,6,2,0,2,4,98,S,26,4.1875,1.3809712876
32016,3,3,2,1,2,0,8,3,2,2,2,2,1,0,0,0,0,1,0,0,0,0,3,3,0,0,0,2,0,0,0,0,0,0,3,3,2,53,6,2,0,3,6,2,U,36,4.1875,1.3809712876
32116,2,1,1,1,1,2,1,1,1,2,2,2,1,0,0,0,0,3,11,1,2,2,1,3,2,0,0,2,1,1,1,2,2,1,1,1,1,17,6,2,0,2,4,98,U,36,2.0625,0.6801798879
32116,1,1,1,1,1,2,1,3,1,2,2,1,1,0,0,5,0,2,8,1,2,2,1,3,4,0,0,1,1,2,2,2,2,2,3,1,2,26,2,2,0,3,1,3,U,51,6.9375,2.2878778048
32116,4,1,1,1,2,0,8,3,2,2,1,2,1,0,5,0,0,5,15,1,2,2,1,3,2,0,0,8,1,1,1,2,2,2,1,1,1,54,6,2,0,3,4,2,R,42,3.15625,1.0408813436
32416,3,1,2,2,0,0,1,3,2,0,0,0,0,0,0,0,0,0,0,0,0,0,2,3,0,0,0,8,0,0,0,0,0,2,3,3,1,48,4,2,0,2,4,1,R,21,3.0625,1.009964076
32616,3,3,2,2,0,0,2,3,2,0,0,0,0,0,0,0,0,0,4,1,2,2,2,3,0,0,0,2,0,0,0,0,0,2,1,1,1,55,3,2,0,3,6,2,R,18,2.71875,0.8966007613
32116,2,1,1,1,1,2,1,2,1,1,1,1,1,1,3,3,3,3,6,1,2,2,2,3,0,0,0,8,0,0,0,0,0,2,3,3,2,31,6,2,0,6,1,7,S,51,3.15625,1.0408813436
32116,3,1,1,1,1,2,1,2,1,2,2,2,2,0,0,0,0,0,2,1,2,2,1,3,4,0,0,1,2,2,2,2,2,2,3,2,1,49,1,1,0,4,1,8,R,18,2.78125,0.9172122731
32116,1,1,1,1,1,2,1,2,1,2,2,2,1,0,0,0,0,1,4,1,2,1,1,3,4,0,0,2,1,1,2,2,2,2,1,1,2,41,6,1,0,3,2,3,S,34,3.03125,0.9996583201
32116,3,1,1,1,1,2,1,2,1,1,1,1,1,2,2,5,0,1,4,1,2,2,2,1,0,1,0,1,0,0,0,0,0,1,2,1,2,35,1,1,1,5,2,1,S,42,6.84375,2.2569605371
32116,3,1,1,1,1,2,1,2,1,2,2,2,1,0,0,0,0,1,50,1,2,1,1,1,3,4,0,1,1,2,2,2,2,2,2,1,2,70,5,2,0,8,3,7,S,28,1.46875,0.4843705262
32116,1,1,1,1,1,5,1,3,2,2,2,2,1,0,0,0,0,1,10,2,2,1,1,2,3,0,4,1,1,1,2,2,2,1,2,1,1,59,5,2,0,4,4,2,U,17,1.84375,0.6080395968
32316,1,3,2,2,0,0,2,3,2,0,0,0,0,0,0,0,0,0,0,0,0,0,3,3,0,0,0,2,0,0,0,0,0,0,1,1,1,62,1,1,1,2,3,98,U,49,3.34375,1.1027158789
32116,3,1,1,1,2,0,1,1,2,1,2,2,1,3,0,0,5,1,1,1,2,2,2,3,0,0,0,8,0,0,0,0,0,1,3,2,1,30,6,2,0,6,1,99,S,39,2.4375,0.8038489584
32116,2,3,1,1,1,2,1,2,1,2,1,1,1,0,1,6,3,1,25,1,2,2,1,1,4,1,4,2,2,2,1,2,2,1,2,1,2,21,6,2,0,4,2,4,S,36,6.9375,2.2878778048
32116,2,1,1,1,1,2,1,2,1,2,2,2,1,0,0,0,3,2,97,2,2,1,2,2,0,0,0,1,0,0,0,0,0,2,2,1,2,47,1,1,0,8,1,9,U,20,1.84375,0.6080395968
32316,2,1,1,1,1,2,1,3,1,2,2,2,1,0,0,0,0,3,3,1,2,2,1,1,4,4,0,8,2,2,1,2,2,2,2,1,2,41,3,1,0,5,1,5,S,39,3.9375,1.2985252405
32116,1,1,1,1,1,2,1,2,1,2,2,2,1,0,0,0,6,5,25,1,2,1,1,3,4,0,0,1,2,2,1,2,2,2,2,2,1,58,3,2,0,8,1,8,S,6,1,0.3297841881
33016,8,3,1,1,1,1,2,3,2,2,2,2,2,0,0,0,0,0,0,0,0,0,2,1,0,4,0,2,0,0,0,0,0,2,3,3,2,19,2,1,2,1,4,4,S,22,6.9375,2.2878778048
32116,2,1,1,2,1,3,1,2,1,2,2,2,1,0,0,0,0,2,4,1,2,2,1,3,3,0,0,2,1,2,2,2,2,2,3,1,1,89,5,2,0,8,3,5,U,6,1,0.3297841881
32116,1,1,1,1,1,2,1,3,1,2,2,1,1,0,0,2,0,6,5,1,2,2,1,3,4,0,0,8,2,2,2,2,2,2,2,1,1,51,1,1,0,4,1,9,S,6,3.875,1.2779137288
32116,2,1,1,1,1,2,1,2,1,2,2,2,1,0,0,0,2,2,25,1,1,2,2,2,0,0,0,8,0,0,0,0,0,2,1,1,2,62,2,2,0,8,1,8,U,53,2.0625,0.6801798879
32116,1,2,1,1,1,2,1,2,1,2,2,1,1,0,0,3,0,2,3,2,2,1,2,3,0,0,0,2,0,0,0,0,0,2,2,1,2,42,2,2,0,5,1,7,S,15,6.9375,2.2878778048
32516,3,3,1,1,1,1,8,3,2,2,1,1,1,0,6,2,0,3,2,1,2,2,1,3,3,0,0,8,1,2,1,2,2,2,1,1,2,49,1,1,0,1,4,3,U,18,4.5,1.4840288463
32216,3,1,2,2,0,0,2,3,2,0,0,0,0,0,0,0,0,0,1,1,2,2,3,3,0,0,0,8,0,0,0,0,0,0,2,3,2,60,3,2,0,3,4,1,R,37,5.5625,1.8344245462
32216,4,1,1,2,1,2,2,3,1,2,2,2,2,0,0,0,0,0,0,0,0,0,2,3,0,0,0,1,0,0,0,0,0,2,2,8,2,71,6,2,0,7,3,5,S,48,1,0.3297841881
32916,2,2,1,1,1,2,1,2,1,1,1,2,1,1,2,0,3,1,20,1,2,1,1,1,4,3,1,1,1,2,2,2,2,2,2,1,1,28,2,2,0,8,1,6,S,24,3.46875,1.1439389024
32516,2,1,1,1,1,2,1,1,1,1,1,1,1,3,3,3,3,1,5,1,2,1,2,3,0,0,0,1,0,0,0,0,0,2,2,1,1,55,1,2,0,6,1,9,S,27,1,0.3297841881
32516,3,2,1,1,1,2,1,1,1,2,2,1,1,0,0,5,0,1,0,0,0,0,3,3,0,0,0,8,0,0,0,0,0,0,3,1,1,30,6,2,0,3,1,99,U,48,5.15625,1.7004497198
32216,3,1,1,1,1,4,1,3,1,2,2,2,1,0,0,0,0,1,0,0,0,0,2,1,0,4,0,1,0,0,0,0,0,2,3,3,2,20,6,2,0,4,4,7,S,18,6.71875,2.2157375136
32216,4,1,2,1,1,2,1,2,1,1,1,2,1,2,6,0,0,1,20,1,2,2,1,3,4,0,0,8,2,2,2,2,2,2,3,1,2,60,1,2,0,6,1,7,R,46,1.25,0.4122302351
32216,4,1,2,1,2,0,1,3,2,2,2,2,2,0,0,0,0,0,2,1,2,2,3,3,0,0,0,1,0,0,0,0,0,0,3,2,1,54,1,2,0,3,1,6,S,12,2.25,0.7420144232
32216,2,3,1,1,1,2,1,3,1,2,1,1,1,0,2,5,0,1,3,1,2,2,1,1,4,4,0,1,2,1,1,2,2,1,2,1,2,24,6,2,0,6,2,4,S,48,2.125,0.7007913997
32216,1,3,1,1,1,3,1,2,1,2,2,2,2,0,0,0,0,0,97,1,1,2,1,3,4,0,0,8,2,2,2,2,2,2,3,1,1,17,2,2,0,1,1,9,U,6,2.8125,0.927518029
32316,3,3,1,1,1,5,1,2,2,2,1,1,1,0,3,6,6,1,0,0,0,0,3,2,0,0,4,2,0,0,0,0,0,0,1,2,2,33,1,2,0,98,2,1,S,45,3.8125,1.257302217
32216,2,1,1,2,1,2,2,2,1,2,2,2,2,0,0,0,0,0,25,1,1,1,1,1,3,2,0,1,1,1,2,1,2,2,1,1,1,68,1,2,0,6,3,7,S,42,1.21875,0.4019244792
32216,3,3,1,2,1,2,2,3,1,2,2,2,2,0,0,0,0,0,5,1,2,1,1,3,4,0,0,2,2,1,1,2,2,2,2,1,1,59,6,2,0,5,1,7,S,48,2,0.6595683761
32216,1,1,1,1,2,0,1,3,1,2,2,2,2,0,0,0,0,0,1,1,2,2,3,2,0,0,0,8,0,0,0,0,0,0,1,1,1,58,3,2,0,4,1,5,U,47,2.5,0.8244604702
32316,4,1,2,2,0,0,2,3,2,0,0,0,0,0,0,0,0,0,15,1,2,2,3,3,0,0,0,1,0,0,0,0,0,0,1,1,1,77,5,2,0,3,3,2,S,18,3.78125,1.2469964612
33116,2,3,1,1,1,2,1,2,1,1,1,1,2,3,1,3,0,0,0,0,0,0,2,3,0,0,0,2,0,0,0,0,0,2,1,1,2,19,6,2,0,3,4,3,U,6,4.65625,1.5355576257
32316,1,1,1,1,1,2,2,3,1,2,2,2,1,0,0,0,0,1,0,0,0,0,3,3,0,0,0,1,0,0,0,0,0,0,2,2,2,57,4,2,0,3,4,3,S,25,2.5,0.8244604702
32316,3,1,1,1,1,2,1,2,1,1,1,1,1,3,2,3,2,1,50,1,2,2,1,1,3,4,0,1,1,2,2,2,1,2,3,2,2,40,1,1,1,6,1,7,R,21,3.65625,1.2057734376
32816,1,1,1,1,1,2,1,2,1,2,1,2,1,0,3,0,6,3,7,1,2,2,2,2,0,0,0,8,0,0,0,0,0,2,2,1,1,30,6,2,0,7,5,8,S,13,3.46875,1.1439389024
32316,2,1,1,1,1,2,1,3,1,2,1,1,1,0,2,5,0,1,10,1,2,2,1,3,4,0,0,1,1,2,1,1,1,2,2,1,1,48,2,2,0,8,1,8,U,26,1.40625,0.4637590145
32316,2,1,1,1,1,2,1,3,1,2,2,2,1,0,0,0,0,1,4,2,1,1,3,3,0,0,0,8,0,0,0,0,0,0,3,2,1,22,6,2,0,4,2,98,U,4,4.65625,1.5355576257
32416,2,1,1,1,1,2,1,3,1,2,2,2,1,0,0,0,0,2,1,1,2,2,2,3,0,0,0,1,0,0,0,0,0,2,2,1,2,55,3,2,0,3,4,2,S,4,4.84375,1.597392161
32816,3,3,1,1,1,2,1,2,2,2,1,1,1,0,6,2,0,2,8,1,2,1,2,2,0,0,0,2,0,0,0,0,0,1,2,9,1,21,6,2,0,3,4,3,S,12,3.15625,1.0408813436
32616,2,1,2,1,2,0,2,3,1,2,2,2,1,0,0,0,0,2,0,0,0,0,3,3,0,0,0,8,0,0,0,0,0,0,1,1,1,60,4,2,0,2,2,5,S,17,3.375,1.1130216347
32416,4,1,1,1,2,0,1,3,2,2,2,2,2,0,0,0,0,0,1,1,2,2,2,3,0,0,0,8,0,0,0,0,0,2,1,1,1,52,1,2,0,3,1,6,S,18,3.09375,1.0202698319
32416,3,3,1,1,1,2,1,3,2,2,1,2,1,0,1,0,0,1,0,0,0,0,2,2,0,0,0,8,0,0,0,0,0,2,3,3,2,26,1,1,2,3,1,4,U,13,6.28125,2.0714569313
32416,3,1,1,1,1,2,1,3,1,2,2,2,1,0,0,0,0,3,1,1,2,2,3,3,0,0,0,8,0,0,0,0,0,0,3,2,1,39,3,1,1,3,1,5,S,25,4.75,1.5664748934
32416,1,1,1,1,1,2,1,2,1,2,1,2,1,0,1,0,0,1,5,1,2,2,1,1,2,4,0,1,2,1,1,2,2,1,1,1,1,34,6,1,0,5,1,3,U,36,4.75,1.5664748934
32516,1,3,1,1,2,0,1,3,1,2,2,2,1,0,0,0,0,1,1,1,2,2,2,3,0,0,0,2,0,0,0,0,0,2,3,3,2,42,2,2,0,2,4,1,U,36,5.4375,1.7932015227
32516,3,3,1,1,1,5,1,2,2,2,1,2,1,0,3,0,0,2,5,1,2,2,1,1,3,4,0,8,1,2,2,2,2,1,2,1,2,53,3,2,0,3,1,2,R,6,2.96875,0.9790468083
32516,2,3,1,1,1,2,1,3,1,2,2,2,1,0,0,0,0,1,0,0,0,0,2,3,0,0,0,8,0,0,0,0,0,2,3,2,2,30,1,2,0,6,1,7,S,45,3.40625,1.1233273906
32516,2,1,1,1,1,2,1,2,1,2,2,1,1,0,0,5,6,1,3,1,2,2,1,1,4,4,4,1,1,2,1,2,2,1,1,1,2,61,1,2,0,3,3,8,U,48,4.15625,1.3706655317
32516,1,1,1,1,1,2,1,3,2,1,1,1,1,3,3,3,0,1,4,1,2,2,2,3,0,0,0,8,0,0,0,0,0,2,3,1,2,53,2,2,0,2,1,3,U,36,2.625,0.8656834937
32516,3,1,1,1,1,2,1,1,1,1,1,1,1,1,1,1,0,1,97,1,2,1,1,1,3,3,0,1,2,2,1,1,2,1,1,1,2,20,6,2,0,3,2,1,R,18,3.53125,1.1645504141
32616,3,1,1,1,1,2,1,2,1,1,1,2,1,3,3,0,3,1,30,1,2,1,1,1,2,1,0,8,1,1,1,1,1,1,1,1,2,20,6,2,0,4,2,1,R,21,6.9375,2.2878778048
32616,3,9,1,1,1,2,1,1,1,2,2,2,1,0,0,0,5,3,15,1,1,1,2,2,0,0,0,8,0,0,0,0,0,2,3,8,1,23,6,2,0,6,1,6,S,12,1.96875,0.6492626203
32516,3,2,1,1,1,2,1,3,1,2,1,2,2,0,1,0,0,0,10,1,2,2,2,2,0,0,0,2,0,0,0,0,0,1,1,2,1,21,6,2,0,3,2,1,U,6,3.875,1.2779137288
32516,4,1,1,1,1,2,1,2,1,2,2,2,2,0,0,0,0,0,50,1,2,2,1,3,2,0,0,1,1,2,2,2,2,2,1,8,1,85,1,2,0,2,3,8,S,54,4.0625,1.339748264
32516,2,1,1,1,1,2,1,2,1,2,2,2,1,0,0,0,2,2,2,1,2,2,2,3,0,0,0,8,0,0,0,0,0,2,3,1,1,56,6,2,0,5,1,6,S,41,2.28125,0.752320179
32516,4,1,1,1,1,2,1,3,1,2,2,2,1,0,0,0,0,1,0,0,0,0,2,3,0,0,0,1,0,0,0,0,0,2,3,1,1,49,3,2,0,3,1,6,R,23,2.875,0.9481295407
32816,3,3,2,2,0,0,2,3,2,0,0,0,0,0,0,0,0,0,0,0,0,0,2,3,0,0,0,2,0,0,0,0,0,2,3,2,1,48,3,2,0,3,2,2,R,18,2.53125,0.8347662261
32516,2,1,1,1,1,2,1,1,1,2,2,1,1,0,0,5,3,1,15,1,2,2,3,3,0,0,0,1,0,0,0,0,0,0,3,1,1,47,3,2,0,8,1,6,S,12,2.46875,0.8141547143
32516,3,1,1,1,1,2,1,2,1,1,2,2,1,5,0,0,3,1,3,1,2,2,2,2,0,0,0,8,0,0,0,0,0,2,2,1,2,55,3,2,0,6,4,8,R,21,1.53125,0.504982038
32616,3,1,1,1,1,2,1,3,1,2,2,2,1,0,0,0,0,5,50,1,2,1,1,3,3,0,0,8,1,2,2,1,1,2,2,1,1,99,1,2,0,6,1,8,U,39,1.0625,0.3503956998
32616,3,1,2,2,0,0,2,3,2,0,0,0,0,0,0,0,0,0,0,0,0,0,2,3,0,0,0,8,0,0,0,0,0,2,1,1,1,77,1,2,0,3,3,1,R,48,2.34375,0.7729316908
32616,2,3,1,1,1,2,1,2,1,2,1,2,1,0,3,0,0,1,97,2,2,1,2,1,0,4,0,8,0,0,0,0,0,2,1,1,2,68,5,2,0,8,3,4,S,12,1.6875,0.5565108174
32616,2,1,1,1,1,2,1,2,1,2,2,2,1,0,0,0,3,1,50,1,2,2,1,3,2,0,0,1,1,2,2,2,2,2,2,1,1,40,1,1,2,6,1,9,S,47,2.59375,0.8553777378
32616,1,1,1,1,1,2,1,2,1,2,2,2,1,0,0,0,5,1,50,1,1,1,2,3,0,0,0,1,0,0,0,0,0,2,3,1,1,72,3,2,0,6,1,6,U,40,1,0.3297841881
32616,1,3,1,1,1,2,1,2,1,2,2,2,1,0,0,0,0,1,4,2,1,1,1,1,4,4,0,2,2,1,2,2,2,1,3,8,2,42,3,1,0,6,1,99,S,6,5.5,1.8138130344
32616,3,1,2,1,2,0,2,3,2,2,2,2,2,0,0,0,0,0,2,1,2,2,1,3,2,0,0,8,1,1,1,2,2,1,1,1,2,47,6,2,0,4,6,2,R,39,2.21875,0.7317086673
32616,4,1,2,2,0,0,2,3,2,0,0,0,0,0,0,0,0,0,0,0,0,0,3,3,0,0,0,8,0,0,0,0,0,0,3,1,1,61,1,2,0,3,1,5,S,28,2.5,0.8244604702
32616,3,1,1,1,1,2,1,2,1,1,2,2,1,6,0,0,0,3,97,1,2,1,2,3,0,0,0,8,0,0,0,0,0,2,3,1,2,63,1,2,0,4,3,6,S,40,4.375,1.4428058228
32616,2,3,1,1,1,2,1,3,1,1,1,2,1,3,3,0,3,3,3,1,2,2,2,3,0,0,0,8,0,0,0,0,0,2,3,1,1,25,6,2,0,6,1,2,S,24,2.625,0.8656834937
32616,2,1,1,1,1,2,1,2,2,1,1,2,1,3,2,0,6,2,5,1,2,2,2,3,0,0,0,2,0,0,0,0,0,2,3,1,1,55,1,1,0,6,1,9,S,49,1.1875,0.3916187233
32616,3,3,1,1,2,0,1,2,1,1,2,2,1,2,0,0,0,1,1,1,2,2,2,3,0,0,0,1,0,0,0,0,0,2,3,2,1,99,6,2,0,3,2,99,S,36,3.3125,1.092410123
32616,1,3,2,2,0,0,2,3,2,0,0,0,0,0,0,0,0,0,0,0,0,0,3,3,0,0,0,1,0,0,0,0,0,0,3,1,1,63,3,2,0,3,3,4,U,47,1.78125,0.587428085
32616,1,1,1,1,1,2,1,2,1,1,1,2,1,1,1,0,0,6,3,1,2,1,1,3,4,0,0,1,1,2,1,2,2,1,2,2,1,16,6,2,0,2,7,3,U,48,3.625,1.1954676818
32616,3,1,1,1,1,2,1,2,1,2,2,1,1,0,0,3,6,2,60,1,2,1,2,3,0,0,0,2,0,0,0,0,0,2,2,1,2,51,3,2,0,4,1,6,S,29,2.9375,0.9687410525
32616,3,3,1,1,2,0,1,2,1,2,2,2,1,0,0,0,0,3,0,0,0,0,2,3,0,0,0,8,0,0,0,0,0,2,2,3,2,52,4,2,0,1,6,1,S,48,2.21875,0.7317086673
32616,4,1,1,2,1,2,2,3,1,2,2,1,1,0,0,5,0,1,2,1,2,2,2,2,0,0,0,1,0,0,0,0,0,2,2,2,2,55,1,2,0,5,1,8,U,55,4.0625,1.339748264
32616,3,1,1,1,1,2,2,2,1,2,2,2,1,0,0,0,0,2,97,2,2,1,1,1,4,3,0,2,1,2,2,2,2,2,1,1,2,78,1,2,0,3,3,4,R,17,2.25,0.7420144232
33016,1,1,2,2,0,0,8,3,1,0,0,0,0,0,0,0,0,0,29,1,2,2,1,1,4,4,0,1,8,1,1,2,2,2,3,3,2,54,5,1,1,2,1,1,U,48,1.96875,0.6492626203
32616,3,2,1,1,1,2,1,2,1,1,1,1,1,3,1,3,6,1,5,1,2,1,1,1,4,4,0,1,2,2,1,1,1,1,1,1,1,18,6,2,0,4,4,1,U,40,4.375,1.4428058228
32616,2,1,1,1,1,2,1,1,1,1,2,1,1,3,0,3,6,1,20,1,2,1,1,1,2,2,0,1,1,1,1,1,2,1,1,1,1,66,1,2,0,8,1,8,U,6,1.28125,0.422535991
32916,1,3,1,1,1,5,1,3,1,2,2,2,1,0,0,0,0,8,98,0,0,0,2,2,0,0,0,1,0,0,0,0,0,2,1,1,1,57,3,1,2,1,1,3,U,6,4.1875,1.3809712876
32716,2,1,1,1,1,2,1,3,1,2,2,2,1,0,0,0,0,2,5,1,2,2,1,1,3,3,2,1,1,2,2,2,2,2,1,1,1,24,6,2,0,4,2,7,S,49,4.53125,1.4943346022
32716,1,1,1,1,1,2,1,2,1,1,2,2,1,3,0,0,2,1,3,1,2,2,1,3,4,0,0,1,2,2,2,2,1,2,2,2,1,61,1,2,0,8,1,9,S,48,1.34375,0.4431475027
32716,3,3,1,1,1,1,1,3,1,1,1,1,1,6,6,6,0,1,4,2,1,2,3,3,0,0,0,8,0,0,0,0,0,0,1,2,2,17,6,2,0,2,4,4,U,36,4.3125,1.4221943111
32716,3,3,1,1,1,2,1,2,1,1,1,1,1,6,1,1,0,5,10,2,2,1,1,2,4,0,0,2,1,2,2,2,2,2,2,1,2,53,1,2,0,4,1,6,R,12,3.65625,1.2057734376
32816,1,2,1,1,1,5,1,2,1,1,1,2,1,3,3,0,0,3,4,1,2,1,3,3,0,0,0,1,0,0,0,0,0,0,2,3,2,55,4,2,0,3,4,98,U,18,4,1.3191367523
32716,3,1,1,1,1,3,1,2,1,1,1,2,1,5,6,0,6,3,0,0,0,0,2,3,0,0,0,8,0,0,0,0,0,2,3,2,1,34,1,2,0,6,1,6,S,36,3.59375,1.1851619259
40416,3,3,1,1,1,2,1,3,1,2,1,1,1,0,3,2,0,3,11,1,1,2,1,2,4,0,0,8,1,2,2,2,2,1,2,1,2,22,6,2,0,6,1,5,S,34,1.9375,0.6389568644
32716,2,1,2,2,0,0,2,3,2,0,0,0,0,0,0,0,0,0,97,1,2,2,3,3,0,0,0,1,0,0,0,0,0,0,1,1,1,63,3,2,0,3,3,1,U,26,2.75,0.9069065172
32716,3,1,1,1,1,2,1,1,1,2,2,2,1,0,0,0,0,1,30,1,1,1,1,3,2,0,0,8,2,1,1,2,2,1,1,1,2,45,1,1,1,6,4,99,S,45,2.625,0.8656834937
32716,2,1,1,1,1,2,1,3,1,2,2,2,2,0,0,0,1,0,0,0,0,0,2,3,0,0,0,1,0,0,0,0,0,2,2,1,1,65,1,2,0,4,1,7,S,17,2,0.6595683761
32716,2,2,1,1,1,2,1,2,1,1,1,2,1,3,3,0,6,1,2,2,2,1,2,2,0,0,0,8,0,0,0,0,0,2,2,1,1,29,6,2,0,8,1,9,U,48,2.625,0.8656834937
32716,3,1,1,1,1,2,1,2,1,1,1,1,1,1,1,6,0,6,5,1,2,1,2,3,0,0,0,2,0,0,0,0,0,2,3,1,2,18,6,2,0,2,2,7,S,18,4.6875,1.5458633816
32716,2,1,1,2,1,2,2,3,1,2,2,2,2,0,0,0,0,0,13,1,2,2,1,3,4,0,0,8,2,2,1,2,2,2,3,1,1,99,6,2,0,6,2,99,S,6,1,0.3297841881
32716,1,1,1,1,1,2,1,2,1,2,1,1,1,0,1,2,0,8,0,0,0,0,1,3,4,0,0,8,2,2,8,1,1,2,3,3,2,54,1,2,0,4,4,8,U,47,5.4375,1.7932015227
32716,4,1,1,1,1,2,1,2,1,2,2,2,1,0,0,0,0,1,0,0,0,0,2,3,0,0,0,8,0,0,0,0,0,2,3,2,1,53,1,2,0,5,1,6,R,42,2.59375,0.8553777378
32716,4,1,1,1,1,2,2,3,1,2,2,2,1,0,0,0,0,2,0,0,0,0,2,3,0,0,0,8,0,0,0,0,0,2,2,1,1,55,1,1,0,3,1,5,R,37,2.1875,0.7214029114
32716,2,1,1,1,1,2,1,2,1,1,2,2,1,2,0,0,0,1,6,1,2,2,2,3,0,0,0,1,0,0,0,0,0,2,2,1,2,17,6,1,2,2,4,3,U,12,5.65625,1.8653418138
32716,1,1,1,1,2,0,1,3,1,2,1,2,1,0,6,0,3,9,0,0,0,0,1,1,4,4,0,8,1,2,2,2,2,2,2,1,2,37,6,1,0,8,1,6,U,18,3.75,1.2366907053
32716,3,1,2,2,0,0,1,1,2,0,0,0,0,0,0,0,0,0,6,1,2,2,1,3,3,0,0,1,1,2,2,2,2,2,1,1,2,64,5,2,0,3,1,3,U,48,5.28125,1.7416727433
32716,4,2,1,1,1,5,1,1,1,2,2,2,2,0,0,0,0,0,4,1,1,1,1,1,4,4,0,2,2,1,1,2,2,1,2,2,1,74,1,2,0,6,3,6,R,46,1,0.3297841881
32716,1,3,1,1,2,0,1,3,1,2,2,2,2,0,0,0,0,0,17,1,2,1,1,3,4,0,3,1,1,2,2,2,2,2,3,2,1,27,6,2,0,3,1,7,S,20,5.96875,1.9683993726
32716,3,1,2,1,2,0,2,3,2,2,8,2,2,0,0,0,0,0,1,2,2,2,3,3,0,0,0,2,0,0,0,0,0,0,2,2,1,54,6,2,0,3,4,1,U,6,1.40625,0.4637590145
32716,3,1,1,1,1,2,1,3,1,2,2,2,2,0,0,0,0,0,15,1,2,2,1,1,3,4,0,1,1,1,2,2,2,1,2,1,1,43,1,1,1,8,1,99,S,55,2.40625,0.7935432026
32716,2,3,1,1,1,2,1,2,1,1,1,2,1,5,5,0,2,1,3,2,2,1,2,1,0,4,0,8,0,0,0,0,0,2,2,1,2,22,6,2,0,6,7,2,U,49,3.28125,1.0821043671
32716,1,3,1,1,1,2,1,3,1,2,2,2,1,0,0,0,3,1,30,1,2,2,1,1,1,4,0,1,1,2,1,2,2,2,2,1,1,27,6,2,0,6,1,6,U,36,2.71875,0.8966007613
32716,2,2,1,1,1,2,1,3,1,2,2,2,2,0,0,0,0,0,3,1,2,2,2,3,0,0,0,8,0,0,0,0,0,2,3,2,1,34,6,2,0,6,1,4,U,6,2.5625,0.8450719819
32816,3,1,1,1,1,2,1,2,1,2,2,2,1,0,0,0,5,3,6,1,2,1,1,1,4,4,0,8,1,2,2,2,2,2,2,1,1,45,1,1,0,6,1,8,S,45,2.1875,0.7214029114
32816,2,1,1,1,1,2,1,3,1,2,2,2,1,0,0,0,0,2,0,0,0,0,2,3,0,0,0,2,0,0,0,0,0,2,2,1,1,59,1,2,0,5,3,6,S,13,2.5,0.8244604702
32816,3,3,1,1,2,0,1,3,2,2,2,2,2,0,0,0,0,0,0,0,0,0,3,3,0,0,0,1,0,0,0,0,0,0,3,2,1,75,3,2,0,3,3,3,R,26,3.09375,1.0202698319
32816,3,1,1,1,1,2,1,2,1,2,2,1,1,0,0,3,0,1,97,1,1,1,1,3,2,0,0,8,1,2,2,1,1,1,1,1,2,25,2,1,1,3,1,6,R,22,5.59375,1.844730302
32916,3,3,1,1,1,2,1,2,1,1,1,2,1,5,3,0,0,1,1,1,2,2,3,3,0,0,0,8,0,0,0,0,0,0,3,1,2,18,6,2,0,3,1,98,R,37,6.1875,2.0405396637
32816,1,2,1,1,1,2,1,2,1,1,1,2,1,1,1,0,0,1,50,1,2,1,1,1,3,3,0,2,1,2,1,1,2,1,3,2,2,22,6,2,0,6,1,1,U,36,2.28125,0.752320179
32816,1,1,1,1,1,2,1,2,1,2,2,2,1,0,0,0,5,1,2,1,2,2,3,1,0,4,0,1,0,0,0,0,0,0,2,1,1,32,1,2,0,5,1,7,U,42,6.9375,2.2878778048
32816,2,1,1,1,1,2,1,3,1,1,2,2,1,1,0,0,0,2,15,1,2,2,2,2,0,0,0,8,0,0,0,0,0,2,2,1,1,24,6,2,0,6,1,8,U,21,2.03125,0.669874132
32816,3,1,1,1,1,2,1,2,1,2,2,2,1,0,0,0,0,3,7,1,2,2,2,3,0,0,0,8,0,0,0,0,0,2,2,1,2,66,1,2,0,6,3,9,U,23,1.1875,0.3916187233
32816,2,1,1,1,1,2,1,2,1,2,1,2,1,0,2,0,0,1,0,0,0,0,2,2,0,0,0,1,0,0,0,0,0,2,1,1,2,35,6,2,0,4,1,3,S,12,6.75,2.2260432695
32816,2,1,1,1,1,2,1,3,1,2,1,2,2,0,2,0,2,0,5,1,2,2,2,3,0,0,0,1,0,0,0,0,0,2,2,1,1,46,1,1,0,5,1,9,S,39,2.1875,0.7214029114
32816,3,1,1,1,1,2,1,2,1,2,2,2,1,0,0,0,0,2,60,1,1,1,1,1,1,4,4,1,1,1,2,1,1,1,1,1,2,73,5,2,0,5,3,6,R,22,1.3125,0.4328417468
40316,3,1,1,1,1,2,2,2,2,1,2,2,1,2,0,0,0,2,0,0,0,0,2,3,0,0,1,1,0,0,0,0,0,2,2,1,1,74,1,2,0,4,3,6,U,37,1.5625,0.5152877939
32816,3,3,1,1,1,2,1,2,1,2,2,2,1,0,0,0,3,3,1,2,2,1,3,2,0,0,0,1,0,0,0,0,0,0,3,2,1,25,6,2,0,8,7,1,U,26,2.625,0.8656834937
32816,4,1,1,1,1,2,1,2,1,2,2,2,1,0,0,0,0,1,5,1,2,2,3,3,0,0,0,1,0,0,0,0,0,0,3,2,1,71,1,2,0,5,3,7,S,17,1.75,0.5771223291
32816,1,1,1,1,2,0,1,2,2,2,1,2,1,0,6,0,0,2,3,1,2,2,1,1,3,4,0,1,2,2,1,1,2,1,2,1,2,44,6,1,0,2,1,3,U,36,5.15625,1.7004497198
32816,3,3,2,1,1,2,2,2,2,2,2,2,1,0,0,0,0,1,99,0,0,0,1,3,8,0,0,1,1,1,1,2,2,2,1,1,2,59,3,2,0,6,3,2,R,12,1.8125,0.5977338409
40116,3,1,1,1,1,2,1,2,1,1,1,1,1,3,5,3,0,3,15,1,1,1,1,1,3,2,0,1,1,2,2,2,2,2,1,1,2,49,3,1,0,7,4,5,S,16,1.1875,0.3916187233
32816,3,1,1,1,1,8,1,3,1,2,1,2,2,0,2,0,0,0,5,1,2,2,1,3,4,0,0,2,1,2,2,2,2,1,3,1,2,17,6,2,0,2,4,98,S,6,4.625,1.5252518698
32816,2,1,1,1,1,2,1,1,1,2,2,2,2,0,0,0,0,0,10,1,2,2,1,1,4,4,0,1,1,1,1,1,2,1,1,1,2,19,6,2,0,4,4,98,U,12,6.6875,2.2054317577
32816,3,1,1,1,1,2,1,2,1,1,2,1,1,2,0,2,5,2,97,2,2,1,2,3,0,0,0,1,0,0,0,0,0,2,2,1,2,37,1,1,0,6,1,7,U,46,3.6875,1.2160791935
32816,3,1,1,1,1,2,1,2,1,2,1,1,1,0,2,6,0,3,6,1,2,1,1,3,3,0,0,8,1,2,2,1,2,2,3,2,2,31,1,1,1,6,4,5,U,1,2.1875,0.7214029114
32816,2,1,2,2,0,0,2,3,2,0,0,0,0,0,0,0,0,0,20,1,2,2,1,3,3,0,0,8,1,2,1,2,2,2,2,1,1,52,3,2,0,6,1,4,S,44,2,0.6595683761
32816,3,1,1,2,1,2,2,1,1,2,2,2,2,0,0,0,0,0,5,1,2,1,1,1,4,3,0,2,2,2,2,2,2,2,2,2,1,55,6,2,0,4,1,4,S,17,2.0625,0.6801798879
33116,3,1,1,1,1,2,2,2,1,2,2,2,1,0,0,0,0,3,99,0,0,0,1,3,3,0,0,1,1,2,2,2,2,2,2,1,1,67,1,2,0,6,3,7,U,12,1.15625,0.3813129675
32816,1,3,1,1,1,2,1,2,1,2,2,2,1,0,0,0,2,2,10,1,1,2,2,3,0,0,0,1,0,0,0,0,0,2,3,1,1,27,6,2,0,6,1,8,U,17,2.625,0.8656834937
32816,1,1,1,1,1,2,1,3,1,2,1,2,1,0,3,0,3,1,2,1,2,2,1,1,4,4,0,1,1,2,2,2,2,1,1,1,2,40,6,2,0,8,1,6,U,17,1.84375,0.6080395968
32816,1,1,1,2,1,2,2,3,1,2,2,2,1,0,0,0,0,6,0,0,0,0,2,3,0,0,0,1,0,0,0,0,0,2,3,2,2,79,1,2,0,3,3,4,U,48,3.4375,1.1336331465
40316,1,1,1,1,1,2,1,2,1,2,2,2,1,0,0,0,0,2,0,0,0,0,2,3,0,0,0,8,0,0,0,0,0,2,2,1,1,66,1,1,1,3,3,99,U,37,3.125,1.0305755877
32916,3,3,2,1,2,0,1,2,1,1,2,2,1,3,0,0,0,1,5,8,2,2,1,1,3,4,0,1,2,1,2,2,1,1,1,1,2,54,3,1,0,3,4,2,S,22,3.21875,1.0614928554
32816,1,3,1,2,1,5,1,2,1,1,1,1,1,2,1,1,5,1,30,1,2,1,1,1,4,4,0,8,2,1,1,2,2,1,1,1,2,22,6,2,0,5,2,3,U,6,6,1.9787051284
32816,3,2,1,1,2,0,8,3,2,2,2,2,1,0,0,0,0,1,0,0,0,0,3,3,0,0,0,2,0,0,0,0,0,0,3,3,1,23,6,2,0,1,1,1,U,12,4.75,1.5664748934
32816,3,1,1,1,1,2,1,2,1,2,2,2,2,0,0,0,0,0,5,1,2,1,1,1,4,2,0,1,1,2,8,2,2,2,1,1,2,60,1,2,0,8,3,8,R,2,1.65625,0.5462050615
32816,4,1,1,1,1,2,1,3,1,2,2,2,1,0,0,0,3,1,0,0,0,0,3,3,0,0,0,2,0,0,0,0,0,0,3,1,1,70,1,2,0,6,3,7,S,37,1.15625,0.3813129675
32816,1,1,1,1,1,2,1,3,1,2,2,1,1,0,0,5,5,1,0,0,0,0,2,2,0,0,0,1,0,0,0,0,0,2,3,1,1,73,1,2,0,4,3,98,S,12,1.90625,0.6286511085
32816,9,1,1,2,1,8,2,3,1,2,2,2,2,0,0,0,0,0,3,1,2,2,1,2,4,0,0,8,1,2,2,2,2,2,2,1,2,65,1,2,0,6,4,98,R,26,1,0.3297841881
32816,4,3,1,1,1,1,1,3,1,1,2,2,1,3,0,0,0,1,0,0,0,0,3,3,0,0,0,2,0,0,0,0,0,0,2,2,1,38,6,2,0,3,1,2,S,12,6.0625,1.9993166402
32816,3,3,1,1,1,2,1,2,1,2,2,2,1,0,0,0,0,1,0,0,0,0,3,3,0,0,0,2,0,0,0,0,0,0,3,2,1,32,1,1,1,6,1,1,U,6,3,0.9893525642
32816,3,1,1,1,1,2,1,3,1,2,2,2,1,0,0,0,3,3,0,0,0,0,2,3,0,0,0,8,0,0,0,0,0,2,3,2,1,67,1,2,0,4,1,9,R,48,1.71875,0.5668165733
32816,3,1,1,1,1,2,1,2,1,2,2,2,1,0,0,0,0,1,6,1,2,1,2,3,0,0,0,1,0,0,0,0,0,2,3,2,1,31,1,1,2,5,1,6,S,48,6.9375,2.2878778048
32816,3,3,2,1,1,5,1,3,2,2,2,2,2,0,0,0,0,0,98,0,0,0,3,3,0,0,0,8,0,0,0,0,0,0,1,1,1,44,6,2,0,2,1,1,R,1,3.65625,1.2057734376
32816,2,1,1,1,1,2,1,2,1,2,2,2,2,0,0,0,0,0,3,1,2,2,1,2,3,0,0,8,1,2,2,2,2,2,2,2,1,30,1,1,0,6,1,8,S,17,2.28125,0.752320179
32816,3,1,1,1,1,2,1,2,1,1,1,2,1,2,2,0,0,2,0,0,0,0,3,3,0,0,0,8,0,0,0,0,0,0,3,1,1,20,6,2,0,4,1,4,U,21,3.75,1.2366907053
32816,2,1,1,1,1,2,1,2,1,2,2,1,1,0,0,3,0,2,38,1,1,1,1,1,2,1,1,1,1,1,2,1,1,1,1,1,2,45,1,1,0,6,4,7,S,8,1.625,0.5358993056
32916,1,1,1,1,1,2,1,2,1,2,2,2,2,0,0,0,0,0,2,1,1,2,1,1,3,4,4,1,1,1,1,2,2,1,1,1,1,50,1,1,0,6,1,6,U,6,3.3125,1.092410123
32916,4,3,1,1,1,2,1,3,1,2,1,1,1,0,5,6,5,1,10,1,1,1,2,2,0,0,0,8,0,0,0,0,0,2,3,8,1,28,6,2,0,1,1,5,S,42,6.9375,2.2878778048
32916,3,2,1,1,2,0,1,3,2,1,1,2,1,2,2,0,0,1,2,1,2,1,1,3,4,0,0,1,2,2,2,1,2,2,3,2,2,19,6,2,0,2,1,1,U,23,3.84375,1.2676079729
32916,4,1,1,1,1,2,1,2,1,2,1,1,1,0,1,1,0,1,1,1,2,2,2,3,0,0,0,8,0,0,0,0,0,2,3,1,2,60,1,2,0,3,3,99,R,48,4.78125,1.5767806492
32916,3,1,1,1,1,2,1,2,1,2,2,1,1,0,0,3,0,1,0,0,0,0,3,3,0,0,0,2,0,0,0,0,0,0,2,1,2,23,6,2,0,6,1,2,R,17,2.09375,0.6904856438
33116,4,1,1,1,1,2,1,3,1,2,2,2,1,0,0,0,0,3,0,0,0,0,1,3,4,0,0,2,2,2,2,2,2,2,3,2,1,54,1,2,0,2,4,2,S,22,3.3125,1.092410123
32916,3,1,1,1,1,2,1,2,1,1,1,1,1,1,2,3,3,1,75,1,1,1,1,1,3,1,3,1,1,2,1,1,2,2,2,1,2,52,1,2,0,8,1,8,S,34,2.46875,0.8141547143
32916,2,1,1,2,1,2,2,3,1,2,2,2,2,0,0,0,0,0,5,1,2,2,1,1,4,4,0,1,2,1,2,2,2,1,2,1,2,83,1,2,0,8,3,7,S,23,1.1875,0.3916187233
33116,3,1,1,1,1,2,1,2,1,2,2,2,1,0,0,0,0,1,0,0,0,0,3,3,0,0,0,8,0,0,0,0,0,0,3,2,1,66,1,2,0,3,3,7,R,15,4.34375,1.4325000669
40116,3,3,1,1,1,2,2,3,2,2,2,2,1,0,0,0,0,1,0,0,0,0,3,3,0,0,0,1,0,0,0,0,0,0,1,1,2,30,4,1,1,2,1,1,S,35,6.9375,2.2878778048
32916,2,1,1,1,1,2,1,2,1,1,2,1,1,5,0,1,0,1,97,1,2,1,1,1,2,3,0,1,1,2,2,2,2,2,2,2,2,50,1,1,0,6,8,9,S,26,2.09375,0.6904856438
32916,1,3,2,2,0,0,2,3,2,0,0,0,0,0,0,0,0,0,3,1,2,2,3,3,0,0,0,2,0,0,0,0,0,0,3,1,2,66,1,2,0,1,4,99,S,6,4.84375,1.597392161
32916,3,3,1,1,1,2,1,3,1,2,2,2,1,0,0,0,0,3,0,0,0,0,3,3,0,0,0,2,0,0,0,0,0,0,2,1,1,52,3,1,0,2,2,3,R,1,2.5,0.8244604702
32916,3,1,1,1,1,2,1,2,1,2,2,2,1,0,0,0,0,2,50,1,1,1,1,1,4,2,3,1,1,2,2,2,2,2,1,1,2,68,1,2,0,8,3,9,S,12,1.125,0.3710072116
32916,1,1,1,1,1,2,1,2,1,2,2,2,1,0,0,0,6,2,2,1,2,2,2,2,0,0,0,8,0,0,0,0,0,2,3,2,1,38,2,1,1,6,1,7,U,18,2.9375,0.9687410525
32916,3,1,1,1,1,2,8,3,1,2,2,2,2,0,0,0,0,0,1,1,1,1,3,3,0,0,0,8,0,0,0,0,0,0,3,8,2,72,6,2,0,6,2,2,U,12,1.375,0.4534532586
32916,3,1,1,1,1,2,1,3,2,2,1,2,1,0,6,0,6,1,0,0,0,0,2,1,0,4,0,8,0,0,0,0,0,2,1,1,2,47,1,2,0,4,2,6,R,22,3.71875,1.2263849494
32916,2,1,1,1,1,2,1,2,1,1,1,1,1,1,1,3,5,1,0,0,0,0,1,3,3,0,0,8,1,1,1,2,2,1,1,1,1,54,1,1,1,6,1,9,S,6,2,0.6595683761
32916,3,1,1,1,1,2,1,2,1,2,2,1,1,0,0,5,5,2,2,1,2,2,1,3,4,0,0,1,2,2,2,2,1,2,2,1,2,46,2,1,0,3,1,5,U,8,2.75,0.9069065172
33016,2,1,1,1,1,4,1,3,2,2,2,2,2,0,0,0,0,0,97,1,2,2,1,3,4,0,0,8,1,2,1,2,2,2,2,1,2,33,6,2,0,3,1,7,S,12,6.9375,2.2878778048
33016,2,1,1,1,1,2,1,3,1,2,2,2,1,0,0,0,0,1,0,0,0,0,1,1,1,4,0,1,1,2,2,2,2,1,1,1,1,63,1,2,0,6,3,8,S,39,1.0625,0.3503956998
33016,2,3,1,1,1,4,1,3,2,2,2,2,1,0,0,0,0,5,0,0,0,0,3,3,0,0,0,8,0,0,0,0,0,0,1,1,1,60,3,2,0,2,3,1,S,12,3.65625,1.2057734376
33016,3,3,1,1,1,2,1,3,1,2,2,2,1,0,0,0,0,5,16,1,2,1,3,2,0,0,0,8,0,0,0,0,0,0,3,1,1,22,2,2,0,5,4,2,U,22,5.78125,1.9065648373
33016,2,1,1,2,1,2,2,3,1,2,2,2,1,0,0,0,3,3,12,1,2,2,1,1,4,4,0,1,1,1,2,2,2,1,2,1,1,70,1,2,0,8,3,7,S,51,1.34375,0.4431475027
33016,4,1,1,1,1,2,1,2,1,2,2,1,1,0,0,3,3,1,99,0,0,0,1,1,3,3,0,1,1,2,1,2,2,1,2,1,2,36,1,1,0,6,1,8,S,13,3.90625,1.2882194847
33016,2,1,1,1,1,5,1,2,1,1,1,2,1,8,3,0,0,2,0,0,0,0,1,3,4,0,0,8,2,2,2,2,2,1,3,1,1,81,1,2,0,4,3,3,R,37,2.8125,0.927518029
33016,4,1,1,2,1,2,2,3,1,2,2,2,1,0,0,0,0,1,6,1,2,2,1,3,2,0,0,8,1,2,2,2,2,2,2,1,1,71,1,2,0,5,3,5,R,23,1.8125,0.5977338409
33016,1,1,2,2,0,0,8,3,2,0,0,0,0,0,0,0,0,0,0,0,0,0,1,3,4,0,0,1,2,2,2,2,2,2,2,8,2,58,3,2,0,4,3,4,S,27,3.375,1.1130216347
40316,9,3,2,2,0,0,8,3,2,0,0,0,0,0,0,0,0,0,0,0,0,0,3,3,0,0,0,2,0,0,0,0,0,0,3,8,1,73,1,2,0,1,3,1,S,28,4.0625,1.339748264
33016,1,3,1,1,1,2,1,2,1,2,1,1,1,0,2,5,5,1,20,1,2,1,1,1,4,4,0,2,1,2,2,2,2,2,2,2,2,22,6,2,0,6,2,1,S,12,2.34375,0.7729316908
33016,3,1,1,1,1,2,1,2,1,2,1,1,1,0,6,5,6,3,6,1,2,1,2,3,0,0,0,8,0,0,0,0,0,2,3,1,2,36,1,1,0,6,1,8,U,1,4.34375,1.4325000669
40116,1,3,2,1,1,4,1,3,1,2,2,2,2,0,0,0,0,0,0,0,0,0,1,3,4,0,0,1,2,2,2,2,2,2,1,1,1,47,1,1,0,3,1,3,U,36,3.65625,1.2057734376
33016,4,1,2,2,0,0,2,3,1,0,0,0,0,0,0,0,0,0,0,0,0,0,2,3,0,0,0,1,0,0,0,0,0,2,3,2,1,56,1,2,0,4,1,5,R,23,2.125,0.7007913997
33016,4,1,1,1,1,2,1,2,1,2,2,2,1,0,0,0,0,2,3,1,2,2,2,3,0,0,0,2,0,0,0,0,0,2,2,2,2,50,1,1,0,6,2,9,S,33,2.125,0.7007913997
33016,4,1,1,1,1,2,1,3,1,2,2,2,1,0,0,0,0,1,0,0,0,0,2,3,0,0,0,8,0,0,0,0,0,2,3,2,1,36,4,2,0,3,1,8,S,12,5.34375,1.762284255
33016,1,1,1,1,1,2,1,2,1,2,2,1,1,0,0,3,0,2,20,1,2,2,1,1,3,3,4,1,1,1,1,1,2,1,1,1,2,39,1,1,2,6,1,8,S,34,4.59375,1.514946114
33016,4,1,1,2,1,2,2,2,1,2,2,2,2,0,0,0,0,0,8,1,2,2,2,3,0,0,0,8,0,0,0,0,0,2,3,2,2,55,3,2,0,4,1,5,R,4,2.46875,0.8141547143
33016,3,2,1,1,1,2,1,2,1,2,2,2,1,0,0,0,0,3,2,1,1,2,1,1,2,3,0,1,1,2,1,1,2,1,2,1,1,59,1,2,0,6,3,98,U,4,1.125,0.3710072116
33016,1,1,1,1,1,2,1,3,1,1,2,2,1,2,0,0,0,1,6,2,1,1,1,3,3,0,0,8,2,1,1,2,2,2,2,1,1,98,6,2,0,6,1,99,U,55,1.15625,0.3813129675
33016,4,1,1,1,1,2,1,2,1,2,1,2,1,0,2,0,0,1,99,0,0,0,1,1,2,1,1,2,2,1,2,2,2,2,3,2,1,48,3,2,0,2,1,7,S,48,1.65625,0.5462050615
33016,1,3,1,1,1,2,1,3,1,2,2,2,1,0,0,0,0,1,25,1,1,1,2,3,0,0,0,8,0,0,0,0,0,2,2,1,2,29,2,1,1,3,1,4,U,5,6.9375,2.2878778048
33016,3,3,1,1,2,0,1,3,2,1,2,2,1,2,0,0,0,1,3,1,2,2,1,3,1,0,0,8,2,1,1,1,2,2,1,1,1,16,6,2,0,2,4,1,S,22,3.8125,1.257302217
33016,1,1,2,1,2,0,2,3,1,2,2,2,2,0,0,0,0,0,0,0,0,0,2,3,0,0,0,8,0,0,0,0,0,2,2,1,1,47,1,2,0,4,5,2,U,4,2.46875,0.8141547143
33016,3,3,1,1,1,4,1,2,1,2,1,2,1,0,5,0,5,1,30,1,2,2,1,1,2,3,4,1,1,1,1,2,2,1,1,1,2,50,3,2,0,5,4,3,U,6,3.40625,1.1233273906
33016,4,1,1,1,1,2,1,3,1,2,2,1,1,0,0,2,0,1,1,1,2,2,2,3,0,0,0,8,0,0,0,0,0,2,3,2,1,55,1,1,0,6,1,7,S,48,1.5,0.4946762821
33016,4,1,1,1,1,2,1,3,1,2,2,2,1,0,0,0,0,6,6,1,2,2,3,3,0,0,0,8,0,0,0,0,0,0,3,2,1,70,1,2,0,3,2,8,R,41,2.28125,0.752320179
33016,1,1,1,1,1,2,2,1,1,2,2,1,1,0,0,3,5,2,97,1,2,1,1,1,3,3,4,1,1,1,2,2,2,1,1,1,2,57,3,2,0,4,8,2,U,6,2.46875,0.8141547143
33016,2,1,1,1,1,2,1,2,1,2,2,2,2,0,0,0,0,0,96,1,1,1,1,1,3,2,0,1,1,2,2,2,2,2,1,1,1,39,1,1,0,7,1,8,S,4,3.15625,1.0408813436
33016,3,1,1,1,1,2,1,2,1,1,1,2,1,1,1,0,0,1,0,0,0,0,1,3,4,0,0,2,1,2,1,2,2,1,3,2,1,22,2,2,0,4,4,8,S,6,4.53125,1.4943346022
33016,2,1,1,1,1,2,1,1,1,2,2,2,2,0,0,0,0,0,2,1,2,2,2,2,0,0,0,1,0,0,0,0,0,2,3,2,1,38,2,1,0,5,1,8,S,41,3.875,1.2779137288
33016,3,1,1,1,1,8,1,3,1,2,1,1,1,0,1,3,0,1,4,1,1,1,2,2,0,0,0,8,0,0,0,0,0,2,3,2,2,23,6,2,0,3,2,2,S,6,3.84375,1.2676079729
33116,3,1,1,1,1,2,1,2,1,2,2,2,1,0,0,0,0,1,3,1,2,2,3,8,0,0,0,8,0,0,0,0,0,0,3,1,2,24,2,1,1,4,2,7,S,42,6.9375,2.2878778048
33116,2,3,1,1,1,2,1,2,1,2,2,2,2,0,0,0,0,0,1,2,1,2,2,2,0,0,0,2,0,0,0,0,0,2,2,2,1,35,1,1,1,3,1,8,S,24,5.34375,1.762284255
40316,2,3,1,1,1,2,1,3,2,2,1,1,1,0,1,6,0,1,2,1,2,2,3,3,0,0,0,8,0,0,0,0,0,0,2,2,1,22,1,2,0,4,2,2,U,37,5.09375,1.679838208
33116,3,1,1,1,1,2,1,2,1,1,1,2,1,5,6,0,5,3,97,1,2,1,1,3,3,0,0,1,1,2,1,2,2,2,1,1,1,48,1,1,0,6,1,9,R,51,1.5,0.4946762821
33116,3,3,2,2,0,0,8,3,2,0,0,0,0,0,0,0,0,0,35,1,2,2,3,3,0,0,0,1,0,0,0,0,0,0,3,3,1,78,1,2,0,3,4,5,S,36,2.9375,0.9687410525
33116,3,3,1,1,1,2,1,3,2,2,2,1,2,0,0,6,0,0,1,1,2,2,1,1,4,4,0,1,2,2,2,2,2,1,1,1,2,47,4,2,0,3,2,1,S,24,4.0625,1.339748264
33116,3,3,2,2,0,0,2,3,2,0,0,0,0,0,0,0,0,0,0,0,0,0,2,3,0,0,0,8,0,0,0,0,0,2,3,2,1,80,5,2,0,3,3,5,S,26,3.78125,1.2469964612
33116,4,1,1,1,1,2,1,2,1,2,2,2,1,0,0,0,0,3,10,1,2,1,1,1,2,3,0,1,2,1,1,2,2,2,1,1,2,61,1,2,0,6,1,7,R,29,1.6875,0.5565108174
33116,3,1,1,1,1,2,1,1,1,2,2,2,2,0,0,0,5,0,15,1,1,1,1,1,3,3,3,1,1,1,2,2,2,2,1,1,1,70,1,2,0,8,1,8,U,48,1.28125,0.422535991
33116,3,1,1,1,1,2,1,2,1,2,2,1,1,0,0,3,0,1,10,1,2,2,1,3,3,0,0,1,1,2,2,1,1,2,1,1,1,67,1,2,0,6,3,8,R,5,1.03125,0.340089944
40316,2,1,1,1,1,2,1,3,1,1,1,2,1,3,2,0,2,1,9,2,2,1,1,1,1,1,0,1,2,2,1,2,1,1,1,2,1,26,6,2,0,8,1,1,U,48,2.625,0.8656834937
33116,4,1,1,1,1,2,1,2,1,2,2,2,1,0,0,0,0,3,20,1,1,1,1,2,4,0,0,2,1,2,2,2,2,2,2,1,1,50,1,1,0,6,1,8,R,13,2.4375,0.8038489584
33116,3,1,2,2,0,0,2,3,2,0,0,0,0,0,0,0,0,0,14,1,2,2,2,3,0,0,0,8,0,0,0,0,0,2,2,2,1,70,6,2,0,3,3,2,S,13,3.125,1.0305755877
40116,3,1,1,1,1,2,8,2,1,2,1,1,1,0,3,2,0,2,6,1,2,1,2,3,0,0,0,2,0,0,0,0,0,2,3,1,1,63,1,2,0,8,1,7,R,29,1,0.3297841881
33116,1,1,1,1,1,2,1,2,1,1,2,2,2,1,0,0,3,0,7,1,2,2,2,3,0,0,0,1,0,0,0,0,0,2,3,2,1,18,6,2,0,3,4,8,U,12,4.34375,1.4325000669
33116,1,1,1,1,1,2,1,3,2,2,1,1,1,0,3,1,0,3,5,1,2,1,2,3,0,0,0,8,0,0,0,0,0,2,2,1,1,26,6,2,0,3,1,4,U,36,4.84375,1.597392161
40216,3,3,1,1,2,0,2,3,2,2,2,2,2,0,0,0,0,0,6,2,1,2,2,3,0,0,0,2,0,0,0,0,0,2,3,3,1,68,5,2,0,2,4,4,R,48,1.84375,0.6080395968
33116,1,1,1,1,1,2,1,2,1,1,1,1,1,2,1,2,5,2,60,1,2,2,1,1,2,4,4,1,1,2,1,2,2,1,1,1,2,45,3,1,0,8,1,6,U,39,2,0.6595683761
33116,4,3,1,1,1,2,1,3,1,2,2,2,2,0,0,0,6,0,0,0,0,0,2,3,0,0,0,2,0,0,0,0,0,2,2,2,1,65,1,2,0,5,1,6,R,31,1.59375,0.5255935497
40216,1,1,1,2,1,2,2,3,2,2,2,2,2,0,0,0,0,0,50,2,2,2,1,3,4,0,0,8,2,2,1,2,1,2,1,1,1,76,1,2,0,4,3,7,S,17,1.75,0.5771223291
33116,2,3,1,1,1,2,1,1,1,2,1,2,1,0,6,0,0,1,16,1,2,1,2,2,0,0,0,1,0,0,0,0,0,2,1,1,1,20,6,2,0,3,1,3,S,24,3.6875,1.2160791935
33116,2,1,1,1,2,0,2,2,1,2,2,2,1,0,0,0,0,3,25,1,2,1,2,3,0,0,0,8,0,0,0,0,0,2,2,1,2,70,1,2,0,6,3,99,S,27,1.125,0.3710072116
33116,2,1,1,1,1,2,1,2,1,2,2,1,1,0,0,6,0,6,1,1,2,2,1,1,1,3,0,8,1,1,1,2,2,2,2,2,1,38,1,1,0,6,1,6,S,29,3.625,1.1954676818
40316,1,1,2,2,0,0,2,3,1,0,0,0,0,0,0,0,0,0,6,1,2,2,2,3,0,0,0,2,0,0,0,0,0,2,2,1,2,93,5,2,0,3,3,98,U,48,3.1875,1.0511870995
40216,4,1,1,1,1,2,1,3,1,2,2,2,1,0,0,0,0,1,0,0,0,0,1,3,4,0,0,2,1,2,2,2,2,1,2,1,1,34,1,1,3,5,1,6,R,16,6.9375,2.2878778048
33116,3,3,1,1,1,2,1,2,1,2,2,2,1,0,0,0,0,3,5,1,1,2,1,2,2,0,0,2,2,2,2,2,2,1,1,2,2,16,6,2,0,3,4,98,R,35,4.71875,1.5561691375
33116,2,1,1,1,1,2,2,2,1,2,2,2,1,0,0,0,0,3,0,0,0,0,2,3,0,0,0,8,0,0,0,0,0,2,2,2,1,50,6,2,0,4,2,7,S,6,2.28125,0.752320179
33116,2,1,1,1,1,2,1,2,1,2,2,2,1,0,0,0,0,3,0,0,0,0,2,2,0,0,0,1,0,0,0,0,0,2,2,1,1,55,3,2,0,5,1,8,S,53,1.53125,0.504982038
33116,1,1,1,1,1,2,1,3,1,1,1,2,1,3,5,0,0,1,10,1,2,2,1,1,3,4,0,1,1,1,1,2,2,1,1,1,1,65,3,2,0,7,1,6,U,6,1.5625,0.5152877939
33116,1,3,1,1,1,2,1,2,1,2,2,2,1,0,0,0,0,1,0,0,0,0,3,3,0,0,0,8,0,0,0,0,0,0,1,8,1,50,1,2,0,98,3,3,U,16,1,0.3297841881
40116,1,1,1,1,1,2,1,3,1,2,2,2,1,0,0,0,3,3,15,1,2,2,1,1,1,3,0,1,1,2,2,2,2,1,1,1,1,71,4,1,0,6,4,7,U,42,1.5,0.4946762821
40116,2,1,1,1,1,1,1,3,1,2,2,2,1,0,0,0,0,6,1,1,1,2,3,3,0,0,0,1,0,0,0,0,0,0,2,1,1,22,6,2,0,4,2,3,S,12,4.125,1.3603597758
40116,2,1,1,1,1,2,1,2,1,2,2,2,2,0,0,0,0,0,20,1,2,1,1,3,1,0,0,8,2,2,2,1,1,1,2,8,1,65,1,2,0,8,4,9,S,25,1.40625,0.4637590145
40316,3,1,2,2,0,0,2,3,2,0,0,0,0,0,0,0,0,0,1,1,2,2,1,1,2,4,0,8,2,1,2,2,2,1,1,1,2,60,5,1,0,5,3,3,S,42,4.0625,1.339748264
40116,3,1,1,1,1,2,1,3,1,2,2,2,1,0,0,0,0,1,3,1,2,2,3,3,0,0,0,1,0,0,0,0,0,0,2,1,1,67,1,2,0,4,1,7,S,25,2.65625,0.8759892496
40116,1,1,1,1,1,2,1,3,1,2,2,2,2,0,0,0,6,0,0,0,0,0,2,2,0,0,0,1,0,0,0,0,0,2,2,1,1,99,1,1,9,6,1,99,S,27,1.0625,0.3503956998
40116,3,1,1,1,1,2,1,1,1,2,2,2,1,0,0,0,0,2,12,1,1,1,3,1,0,4,0,1,0,0,0,0,0,0,2,2,1,59,1,2,0,3,1,7,R,27,2.3125,0.7626259349
40116,4,1,2,2,0,0,2,3,1,0,0,0,0,0,0,0,0,0,98,0,0,0,2,3,0,0,0,8,0,0,0,0,0,2,3,9,2,82,5,2,0,4,3,98,S,42,2.09375,0.6904856438
40116,3,1,1,1,1,2,1,2,1,1,2,1,1,1,0,3,0,1,2,1,2,2,2,1,0,3,0,8,0,0,0,0,0,2,2,1,2,45,2,2,0,4,1,7,S,12,4.5,1.4840288463
40416,1,3,1,1,2,0,8,3,2,2,2,2,1,0,0,0,0,1,0,0,0,0,2,3,0,0,0,1,0,0,0,0,0,2,1,1,1,27,2,2,0,6,4,98,U,48,2.8125,0.927518029
40116,1,1,1,1,1,5,1,3,1,1,2,2,1,2,0,0,3,5,20,1,1,2,1,1,3,3,0,8,1,2,1,2,2,1,2,1,1,55,4,2,0,4,1,4,U,12,2.03125,0.669874132
40116,1,1,1,1,1,2,1,2,1,2,1,2,1,0,6,0,0,1,4,1,2,1,1,2,4,0,0,1,2,2,2,2,2,2,2,1,1,21,6,2,0,6,2,4,U,48,1.46875,0.4843705262
40116,3,1,1,1,1,2,1,2,1,2,2,1,1,0,0,5,0,1,0,0,0,0,2,3,0,0,0,8,0,0,0,0,0,2,3,3,1,99,1,2,0,5,3,8,S,37,2.4375,0.8038489584
40316,1,3,1,1,1,5,1,2,1,1,1,2,1,3,6,0,6,1,6,1,2,2,1,3,4,0,0,1,1,2,1,2,2,2,2,2,1,20,1,1,2,1,2,3,U,48,3.65625,1.2057734376
40116,3,3,1,1,1,2,1,2,1,2,1,1,1,0,3,5,0,1,0,0,0,0,2,3,0,0,0,8,0,0,0,0,0,2,2,1,2,32,4,1,0,3,2,2,S,42,4.40625,1.4531115787
40116,3,2,1,1,1,2,1,3,1,2,2,2,1,0,0,0,3,2,36,1,2,1,1,3,4,0,0,8,1,2,2,2,2,2,2,2,1,39,1,1,2,8,1,9,R,54,3.09375,1.0202698319
40116,1,1,1,1,1,2,1,2,1,1,1,2,1,3,2,0,0,2,10,1,1,2,1,1,3,1,3,1,1,2,1,2,2,1,1,1,2,39,1,1,0,6,1,5,U,39,3.21875,1.0614928554
40216,1,1,1,1,1,2,1,3,2,2,1,1,1,0,1,3,5,1,2,1,2,1,1,3,3,0,0,2,1,1,1,2,1,1,2,1,2,29,6,1,1,3,2,1,U,26,5.0625,1.6695324521
40216,2,3,1,1,1,8,8,2,1,2,2,2,2,0,0,0,0,0,0,0,0,0,1,1,3,4,0,8,2,2,1,2,2,1,3,2,1,99,6,2,0,3,4,99,U,36,3.125,1.0305755877
40116,3,1,1,1,1,2,2,2,1,1,2,2,1,2,0,0,5,3,97,1,2,1,1,1,4,4,0,1,1,2,2,1,2,1,1,1,1,40,1,1,1,8,1,9,U,48,3.28125,1.0821043671
40116,1,1,1,1,1,2,1,2,2,2,2,1,1,0,0,6,0,1,4,1,2,2,1,1,2,2,2,1,1,2,2,2,2,2,1,1,1,44,1,1,0,3,1,3,S,53,4.59375,1.514946114
40116,2,1,1,1,1,2,1,2,1,1,1,2,2,5,6,0,3,0,16,1,2,1,1,1,4,4,4,8,1,2,2,2,2,2,2,1,1,47,1,1,0,8,1,9,S,34,1.59375,0.5255935497
40116,3,1,1,1,1,2,1,2,1,2,2,2,1,0,0,0,0,1,0,0,0,0,2,2,0,0,0,8,0,0,0,0,0,2,2,2,2,79,5,2,0,2,3,2,S,48,3.90625,1.2882194847
40116,2,1,1,1,1,2,1,3,1,1,1,2,1,3,3,0,6,1,6,1,2,2,1,1,3,4,0,8,2,1,2,2,2,1,3,2,1,20,6,2,0,4,1,9,S,17,4.34375,1.4325000669
40116,3,1,1,1,1,2,1,2,1,2,2,2,1,0,0,0,0,1,0,0,0,0,2,2,0,0,0,1,0,0,0,0,0,2,2,1,1,25,2,2,0,3,1,5,U,48,5.9375,1.9580936167
40116,2,1,1,1,1,2,1,2,1,1,2,2,1,6,0,0,0,1,20,1,1,2,1,3,4,0,0,1,2,2,2,1,1,1,2,2,1,56,1,1,0,6,1,9,S,6,1,0.3297841881
40116,3,3,1,1,1,2,1,2,1,1,1,1,1,1,1,6,3,1,5,1,2,2,1,3,4,0,0,1,2,2,1,2,2,2,3,2,1,18,6,2,0,4,4,9,S,8,6.28125,2.0714569313
40116,3,1,1,1,1,2,1,2,1,2,2,2,1,0,0,0,1,1,0,0,0,0,1,1,3,4,0,2,8,1,2,2,2,1,1,1,1,46,6,1,0,6,1,9,S,6,1.84375,0.6080395968
40116,3,3,2,1,1,1,8,2,2,2,2,2,1,0,0,0,0,3,1,1,2,2,1,3,4,0,0,1,2,2,2,2,2,2,1,1,1,39,1,1,0,1,1,4,U,6,4.9375,1.6283094286
40116,3,1,1,1,1,2,1,2,1,2,2,2,1,0,0,0,6,1,0,0,0,0,2,3,0,0,0,2,0,0,0,0,0,2,2,1,1,39,1,1,2,3,1,6,R,41,3.875,1.2779137288
40116,3,1,2,2,0,0,2,3,1,0,0,0,0,0,0,0,0,0,3,1,2,2,3,3,0,0,0,2,0,0,0,0,0,0,3,2,1,85,5,2,0,3,3,4,S,6,1.71875,0.5668165733
40116,3,3,2,2,0,0,2,3,2,0,0,0,0,0,0,0,0,0,0,0,0,0,2,3,0,0,0,2,0,0,0,0,0,2,2,3,1,72,1,1,0,2,3,2,S,6,3.75,1.2366907053
40316,3,3,2,2,0,0,2,3,2,0,0,0,0,0,0,0,0,0,0,0,0,0,3,3,0,0,0,2,0,0,0,0,0,0,1,3,1,62,3,1,0,1,4,2,R,6,4.125,1.3603597758
40116,1,1,1,1,1,5,1,3,2,2,2,2,1,0,0,0,2,1,0,0,0,0,3,3,0,0,0,8,0,0,0,0,0,0,1,1,1,66,1,2,0,5,3,2,S,6,3.375,1.1130216347
40116,3,1,1,1,1,2,1,3,1,1,1,1,1,6,3,2,6,3,8,1,2,2,1,1,3,4,0,1,1,2,2,2,2,2,2,1,1,66,1,2,0,8,2,8,S,6,1.40625,0.4637590145
40116,2,1,1,1,1,2,1,3,1,2,2,2,1,0,0,0,0,1,5,1,2,2,1,1,4,4,0,1,1,1,2,2,2,1,1,1,1,67,1,2,0,4,3,7,S,6,1.59375,0.5255935497
40116,3,1,1,2,1,8,2,3,1,2,2,2,2,0,0,0,0,0,4,1,2,2,1,3,4,0,0,1,2,2,2,1,1,2,2,1,2,77,6,2,0,3,3,4,R,8,1.625,0.5358993056
40316,1,3,1,1,1,2,1,3,1,2,2,2,1,0,0,0,3,2,0,0,0,0,3,3,0,0,0,2,0,0,0,0,0,0,3,2,2,46,8,2,0,6,1,98,U,6,2.4375,0.8038489584
40116,1,1,1,1,1,2,1,3,1,1,2,1,1,3,0,3,0,2,12,1,2,2,1,1,4,4,0,1,1,1,1,1,1,1,1,1,2,62,1,2,0,8,3,7,S,6,1.5625,0.5152877939
40116,8,3,1,2,1,2,2,3,1,2,2,2,1,0,0,0,5,2,30,1,2,2,1,3,3,0,0,8,1,1,2,2,2,2,2,1,1,72,1,1,0,4,1,3,S,53,2.3125,0.7626259349
40116,1,1,1,1,1,2,1,2,1,1,1,1,1,3,1,6,0,6,6,1,1,2,2,3,0,0,0,2,0,0,0,0,0,2,3,8,1,18,6,2,0,4,1,2,S,6,2.375,0.7832374467
40116,2,1,1,1,1,8,1,2,1,2,2,2,2,0,0,0,0,0,10,1,2,2,1,3,1,0,0,8,2,1,1,1,2,1,1,1,1,50,1,2,0,4,1,6,U,6,5.0625,1.6695324521
40216,1,1,1,1,1,2,1,2,1,1,1,1,1,5,5,5,5,1,0,0,0,0,1,3,4,0,0,1,2,1,1,1,1,1,2,1,2,20,2,2,0,5,1,6,S,26,6.9375,2.2878778048
40216,2,1,1,1,1,2,1,3,1,2,1,2,1,0,1,0,3,1,1,1,2,2,1,2,3,0,0,2,1,1,1,2,2,1,2,1,2,19,6,2,0,4,4,9,S,25,6.9375,2.2878778048
40316,2,1,1,1,1,2,1,2,1,2,2,1,1,0,0,5,0,2,6,1,1,2,1,1,4,4,4,8,1,2,1,2,2,2,2,1,2,49,6,2,0,6,1,5,S,45,2.59375,0.8553777378
40216,4,1,1,1,1,2,1,2,2,2,2,2,1,0,0,0,0,1,0,0,0,0,2,3,0,0,0,8,0,0,0,0,0,2,2,2,1,36,1,1,1,6,1,9,R,48,3.09375,1.0202698319
40216,4,1,2,2,0,0,2,3,2,0,0,0,0,0,0,0,0,0,8,1,2,2,1,3,4,0,0,1,1,1,2,2,1,2,1,1,2,79,5,2,0,2,5,6,R,28,1.78125,0.587428085
40216,1,3,1,1,1,1,1,3,1,2,2,2,1,0,0,0,0,1,0,0,0,0,2,3,0,0,0,1,0,0,0,0,0,2,3,3,1,23,6,2,0,4,1,5,S,6,4.8125,1.5870864051
40216,2,1,1,1,1,2,1,2,1,1,1,1,1,1,3,5,1,1,25,1,2,1,1,1,4,4,0,1,1,2,2,2,2,2,2,2,1,39,1,1,1,8,1,9,S,29,3.1875,1.0511870995
40216,4,1,1,1,1,2,1,2,1,2,2,2,1,0,0,0,0,1,0,0,0,0,2,3,0,0,0,2,0,0,0,0,0,2,3,2,1,54,1,2,0,3,1,8,S,36,3.59375,1.1851619259
40216,2,3,1,1,1,2,1,2,1,2,1,2,1,0,6,0,1,1,0,0,0,0,2,2,0,0,0,8,0,0,0,0,0,2,1,1,1,41,1,1,1,6,1,8,S,34,3.59375,1.1851619259
40216,3,1,1,2,1,3,2,3,1,2,2,2,1,0,0,0,0,3,97,2,1,2,1,3,2,0,0,8,2,1,2,2,2,2,1,1,2,55,6,2,0,3,6,2,S,34,2.875,0.9481295407
40216,2,1,1,2,1,2,2,3,1,2,2,2,1,0,0,0,0,1,10,1,2,2,1,3,1,0,0,1,2,2,1,2,2,1,2,1,1,48,3,1,0,5,1,4,S,25,1.84375,0.6080395968
40216,1,2,1,1,1,2,1,1,1,2,1,2,1,0,5,0,0,2,5,1,2,2,1,1,1,1,0,1,1,2,2,1,2,1,1,1,2,29,6,2,0,8,1,6,U,36,2.625,0.8656834937
40216,4,3,1,1,1,2,1,2,2,2,2,1,1,0,0,3,0,2,0,0,0,0,3,3,0,0,0,8,0,0,0,0,0,0,2,1,1,20,2,1,1,3,2,3,R,36,3.65625,1.2057734376
40216,1,1,1,1,1,2,1,2,1,2,1,2,1,0,3,0,3,3,15,1,2,1,1,3,4,0,0,8,1,2,2,2,2,2,3,1,2,26,6,2,0,6,1,3,U,36,3.34375,1.1027158789
40216,2,3,1,1,1,2,1,2,1,2,1,1,1,0,6,6,1,3,20,1,2,1,1,1,4,4,0,1,1,2,2,2,2,2,3,2,1,31,1,1,2,7,1,8,S,34,2.34375,0.7729316908
40216,2,1,1,2,1,2,1,3,1,2,2,2,1,0,0,0,0,3,1,1,2,2,1,3,4,0,0,2,1,2,2,1,2,2,1,1,1,99,1,1,0,8,1,8,S,36,1.3125,0.4328417468
40216,3,1,1,1,1,2,1,2,1,1,1,2,1,9,3,0,0,1,97,1,1,2,1,1,1,3,0,1,1,2,1,2,2,1,1,3,2,26,6,2,0,6,1,7,S,36,2.46875,0.8141547143
40216,3,3,1,1,1,2,1,2,1,2,2,2,1,0,0,0,0,3,15,1,2,2,2,3,0,0,0,8,0,0,0,0,0,2,2,1,1,25,1,2,0,6,1,4,S,33,3.21875,1.0614928554
40216,4,3,2,2,0,0,2,3,2,0,0,0,0,0,0,0,0,0,3,8,2,2,3,3,0,0,0,8,0,0,0,0,0,0,3,1,1,63,3,2,0,3,3,99,S,34,3.875,1.2779137288
40216,1,1,1,1,2,0,1,3,1,2,2,2,2,0,0,0,0,0,0,0,0,0,3,3,0,0,0,2,0,0,0,0,0,0,8,8,1,60,2,2,0,6,1,4,U,36,1.1875,0.3916187233
40216,1,1,1,1,1,2,1,2,1,2,2,1,1,0,0,3,0,2,99,0,0,0,1,1,2,3,1,1,1,2,2,2,2,2,1,2,2,50,2,2,0,8,1,8,U,4,2.15625,0.7110971555
40216,3,1,1,1,2,0,1,2,2,2,2,2,1,0,0,0,0,2,1,1,2,2,2,2,0,0,0,1,0,0,0,0,0,2,1,1,1,38,6,1,0,4,1,1,U,6,5.59375,1.844730302
40216,3,1,2,2,0,0,2,3,2,0,0,0,0,0,0,0,0,0,3,1,2,2,2,2,0,0,0,8,0,0,0,0,0,2,2,2,2,55,5,2,0,4,2,1,R,28,2.40625,0.7935432026
40216,2,1,1,1,1,2,1,2,1,1,1,1,1,6,1,5,6,1,12,1,2,2,2,2,0,0,0,1,0,0,0,0,0,2,2,1,2,62,3,2,0,8,1,8,S,24,2.25,0.7420144232
40216,2,1,9,2,0,0,2,3,2,0,0,0,0,0,0,0,0,0,3,1,2,2,1,1,1,2,3,8,1,1,1,1,1,1,1,3,2,58,3,2,0,4,2,3,U,13,4.78125,1.5767806492
40216,3,1,1,1,1,4,1,1,1,2,2,2,1,0,0,0,0,6,2,1,2,2,3,2,0,0,0,2,0,0,0,0,0,0,2,2,1,60,1,2,0,3,1,5,U,19,2.78125,0.9172122731
40216,1,1,1,1,1,2,1,2,1,1,2,1,1,5,0,5,6,1,0,0,0,0,2,3,0,0,0,8,0,0,0,0,0,2,2,1,2,55,1,2,0,8,1,8,S,12,2.21875,0.7317086673
40216,4,1,2,1,2,0,8,3,2,2,2,2,2,0,0,0,0,0,3,1,2,2,1,1,4,4,0,8,1,1,1,2,2,1,2,1,2,59,5,2,0,4,1,1,R,22,3.5625,1.17485617
40216,1,1,1,2,1,2,1,2,1,2,2,2,1,0,0,0,0,2,5,1,1,2,2,3,0,0,0,1,0,0,0,0,0,2,3,1,2,79,3,2,0,8,3,6,U,4,1,0.3297841881
40216,1,1,1,1,1,2,1,3,1,1,2,2,1,1,0,0,0,1,4,1,2,2,1,1,4,4,0,8,2,2,1,2,2,1,3,2,1,25,6,2,0,7,7,1,U,36,2.96875,0.9790468083
40216,1,1,1,1,1,2,1,2,1,2,2,2,1,0,0,0,5,3,3,1,2,2,1,1,4,4,0,8,2,2,1,2,2,2,1,1,1,65,1,2,0,6,1,8,S,45,1.1875,0.3916187233
40216,3,1,2,1,2,0,1,3,2,2,2,2,1,0,0,0,0,2,0,0,0,0,3,3,0,0,0,8,0,0,0,0,0,0,3,2,1,47,6,2,0,3,1,4,R,32,2.46875,0.8141547143
40216,3,1,1,1,1,2,2,2,2,2,2,2,1,0,0,0,0,2,3,1,2,2,2,3,0,0,0,8,0,0,0,0,0,2,2,1,2,52,1,2,0,3,3,7,S,39,2.78125,0.9172122731
40216,3,1,1,1,1,8,1,3,1,1,1,1,1,1,2,8,0,2,0,0,0,0,3,3,0,0,0,8,0,0,0,0,0,0,3,2,1,19,6,2,0,3,2,4,S,26,3.28125,1.0821043671
40216,2,1,1,1,1,2,1,1,1,2,2,1,1,0,0,2,0,1,12,2,2,1,3,3,0,0,0,8,0,0,0,0,0,0,2,2,2,40,1,1,0,3,4,5,S,13,5.71875,1.8859533255
40216,2,1,1,1,1,2,1,2,1,2,2,2,2,0,0,0,0,0,15,1,2,2,1,3,4,0,0,1,1,2,1,2,2,2,2,1,1,62,1,2,0,6,1,9,U,6,1,0.3297841881
40216,3,2,1,1,1,2,1,3,1,1,2,1,1,2,0,2,0,1,0,0,0,0,1,1,2,4,0,8,2,1,1,2,2,1,3,1,2,53,1,2,0,3,4,1,S,45,4.03125,1.3294425082
40216,3,1,1,1,1,4,1,2,2,2,2,2,1,0,0,0,1,1,10,1,2,2,1,3,1,0,0,8,2,1,1,1,1,2,1,1,2,41,3,1,0,6,1,6,S,21,4.84375,1.597392161
40216,3,3,1,1,1,2,1,2,1,1,1,1,1,3,1,1,0,1,20,1,2,2,1,3,2,0,0,2,1,1,1,1,1,1,3,1,2,17,6,2,0,2,4,4,R,28,5.125,1.6901439639
40216,4,1,1,1,1,2,1,2,1,1,2,2,2,5,0,0,6,0,25,1,1,1,2,3,0,0,0,8,0,0,0,0,0,2,3,2,1,44,1,1,0,3,1,9,S,47,3.9375,1.2985252405
40216,4,1,1,1,1,4,1,3,1,2,2,2,2,0,0,0,0,0,2,1,2,2,1,3,4,0,0,8,1,2,2,2,2,1,3,1,2,42,3,2,0,3,4,2,R,28,6.03125,1.9890108843
40216,1,3,1,1,1,2,1,3,1,2,1,2,1,0,2,0,2,1,6,1,1,2,1,1,4,3,0,8,2,2,2,2,2,2,2,2,1,27,6,2,0,6,4,6,U,6,2.5625,0.8450719819
40216,3,1,1,1,1,2,1,2,1,1,2,1,1,2,0,5,5,2,18,1,1,1,1,2,4,0,0,1,1,2,2,2,2,2,1,1,1,45,1,2,0,3,1,7,R,18,2.53125,0.8347662261
40316,2,1,1,1,1,2,1,2,1,2,2,1,2,0,0,5,0,0,5,1,2,2,1,3,4,0,0,1,1,2,1,2,2,2,2,1,2,60,1,2,0,5,1,6,S,8,3.09375,1.0202698319
40216,2,1,1,1,1,2,1,2,1,1,1,1,1,1,1,2,2,1,15,1,2,1,2,3,0,0,0,1,0,0,0,0,0,2,2,1,2,22,6,2,0,7,1,3,U,35,1.9375,0.6389568644
40216,3,1,1,1,1,2,1,3,1,2,2,2,1,0,0,0,0,2,4,1,2,2,2,3,0,0,0,2,0,0,0,0,0,2,3,1,1,63,1,2,0,3,1,8,U,41,1.46875,0.4843705262
40216,2,3,1,1,1,2,1,2,1,2,1,1,1,0,5,6,0,1,0,0,0,0,1,1,4,4,0,2,2,2,2,2,2,1,3,3,2,33,3,1,1,4,1,1,U,48,5,1.6489209404
40216,3,1,1,1,1,2,1,3,1,2,2,2,1,0,0,0,0,5,0,0,0,0,3,3,0,0,0,2,0,0,0,0,0,0,3,3,1,25,6,2,0,8,1,3,R,30,2.53125,0.8347662261
40216,2,1,1,1,1,3,1,2,1,2,1,1,1,0,3,5,6,1,97,1,2,2,1,1,1,1,1,1,1,2,1,1,1,1,1,1,2,43,1,1,1,6,1,8,U,53,4.5625,1.5046403581
40416,1,1,1,1,1,2,1,2,1,2,2,1,1,0,0,3,0,1,4,1,2,2,2,2,0,0,0,1,0,0,0,0,0,2,2,1,2,34,1,2,0,8,1,4,U,39,1.9375,0.6389568644
40316,2,1,1,2,1,2,2,1,1,2,2,2,2,0,0,0,5,0,6,1,2,2,1,3,3,0,0,1,2,2,1,2,2,2,2,1,1,69,1,2,0,8,2,9,S,36,1.125,0.3710072116
40416,1,1,1,1,1,2,1,2,1,2,1,2,2,0,2,0,2,0,4,1,2,1,1,1,3,2,0,1,1,1,1,1,1,2,1,1,1,63,1,2,0,8,1,9,U,39,1.375,0.4534532586
40316,1,1,1,1,1,2,1,2,1,1,2,2,1,5,0,0,1,2,50,1,2,1,1,1,1,1,1,1,1,1,1,1,1,1,1,2,1,42,2,1,0,8,1,9,U,36,3.34375,1.1027158789
40316,4,1,1,1,1,2,1,1,1,2,2,2,2,0,0,0,0,0,8,1,1,1,1,1,4,4,0,1,1,1,2,2,2,2,2,2,1,64,1,2,0,6,1,7,S,9,1.0625,0.3503956998
40316,3,1,1,1,1,2,1,2,1,2,2,1,1,0,0,3,0,1,2,1,2,1,1,1,3,4,0,8,1,2,2,2,2,2,2,1,2,33,1,1,2,6,1,99,S,42,2.71875,0.8966007613
40316,2,1,1,1,1,2,1,3,1,1,1,1,2,6,5,5,0,0,0,0,0,0,2,1,0,4,0,8,0,0,0,0,0,2,3,1,2,27,3,1,0,6,3,6,U,48,2.25,0.7420144232
40316,1,3,1,1,1,2,8,2,1,2,2,2,1,0,0,0,0,1,2,1,2,2,2,3,0,0,0,8,0,0,0,0,0,2,2,1,2,47,1,2,0,2,4,1,U,25,3.6875,1.2160791935
40316,3,1,1,2,1,2,2,3,1,1,2,2,1,5,0,0,6,3,40,1,2,2,3,3,0,0,0,8,0,0,0,0,0,0,3,1,1,62,6,2,0,6,3,5,S,24,1.15625,0.3813129675
40316,3,1,1,1,1,2,1,2,1,2,2,2,2,0,0,0,0,0,3,1,2,1,2,2,0,0,0,1,0,0,0,0,0,2,2,1,2,52,3,2,0,8,1,7,S,9,2.84375,0.9378237848
40316,3,1,1,1,1,2,1,2,2,2,2,2,1,0,0,0,0,2,0,0,0,0,3,3,0,0,0,8,0,0,0,0,0,0,1,3,1,67,1,2,0,5,3,99,S,12,2.125,0.7007913997
40316,1,1,1,1,1,2,1,3,1,2,2,2,1,0,0,0,0,3,5,1,1,2,2,3,0,0,0,1,0,0,0,0,0,2,3,1,1,55,6,2,0,8,1,8,U,29,1.40625,0.4637590145
40316,2,1,1,1,1,2,1,2,1,2,2,1,1,0,0,3,0,1,8,1,1,1,1,3,4,0,0,1,2,1,1,2,2,1,1,1,1,52,3,2,0,3,1,6,S,27,2.5625,0.8450719819
40316,2,1,1,1,1,2,1,2,1,1,1,1,1,2,2,3,3,1,3,1,2,1,1,3,4,0,0,1,2,2,2,1,2,2,1,1,2,55,1,2,0,8,2,8,S,6,1.4375,0.4740647704
40316,2,3,1,1,1,2,1,2,2,2,2,2,1,0,0,0,0,3,5,1,2,2,2,3,0,0,0,2,0,0,0,0,0,2,3,1,1,36,1,2,0,5,3,6,R,37,5.46875,1.8035072785
40316,2,1,1,1,1,2,1,3,1,2,2,2,2,0,0,0,0,0,1,2,2,1,2,3,0,0,0,1,0,0,0,0,0,2,2,2,1,64,1,2,0,8,3,8,S,55,1.25,0.4122302351
40316,1,1,1,1,1,2,1,2,2,2,2,1,1,0,0,6,0,1,97,1,1,2,1,1,3,3,4,1,1,1,2,2,2,1,1,1,2,47,6,2,0,8,1,6,U,6,1.375,0.4534532586
40316,3,1,1,1,1,2,1,2,1,2,2,2,1,0,0,0,0,2,3,1,1,2,2,2,0,0,0,1,0,0,0,0,0,2,1,1,1,46,1,1,0,4,1,9,U,5,5.0625,1.6695324521
40316,2,3,1,1,1,2,1,2,1,2,1,2,2,0,3,0,0,0,5,1,2,2,1,3,4,0,0,8,1,2,2,2,2,2,3,3,1,17,6,2,0,2,4,9,S,18,4.28125,1.4118885552
40316,3,1,1,1,1,2,2,2,1,2,2,1,1,0,0,5,0,3,72,1,2,2,1,3,4,0,0,1,1,1,2,2,2,2,2,1,2,54,2,2,0,4,1,7,S,17,3.21875,1.0614928554
40316,3,3,1,1,1,2,1,3,1,2,1,2,1,0,1,0,0,1,1,1,2,2,2,2,0,0,0,8,0,0,0,0,0,2,2,2,1,31,2,2,0,4,4,5,R,20,6.9375,2.2878778048
40316,2,1,1,1,1,2,1,2,1,2,2,1,2,0,0,3,0,0,3,1,2,1,1,1,3,4,0,2,1,2,2,2,2,2,2,1,2,45,1,1,0,4,4,4,S,6,5.125,1.6901439639
40316,4,1,1,1,1,2,2,2,1,2,2,2,1,0,0,0,0,2,6,1,2,1,2,3,0,0,0,8,0,0,0,0,0,2,2,1,1,67,1,2,0,5,3,6,S,6,1.9375,0.6389568644
40316,3,1,1,1,1,2,1,3,1,2,1,1,1,0,1,1,3,1,97,1,2,1,1,3,1,0,0,1,2,2,1,1,2,1,1,1,2,27,6,1,1,4,4,3,U,6,6.9375,2.2878778048
40316,2,1,1,1,1,2,1,2,1,2,2,2,1,0,0,0,0,2,30,1,1,1,1,1,2,3,0,1,1,2,2,1,1,2,2,2,1,69,1,2,0,8,3,8,S,45,1.28125,0.422535991
40316,3,3,1,1,1,9,1,3,1,2,9,2,1,0,0,0,0,3,2,1,2,2,3,3,0,0,0,8,0,0,0,0,0,0,2,1,2,49,4,2,0,1,4,1,S,47,5,1.6489209404
40316,3,1,1,1,1,2,1,2,1,2,2,2,1,0,0,0,0,3,30,1,1,1,2,1,0,3,0,1,0,0,0,0,0,2,1,1,2,72,5,2,0,8,4,98,S,26,1,0.3297841881
40316,3,1,1,1,1,2,1,2,1,2,2,1,1,0,0,3,0,2,15,1,2,1,2,3,0,0,0,8,0,0,0,0,0,2,1,1,1,45,1,1,2,3,1,5,R,41,2.46875,0.8141547143
40316,1,1,1,1,1,2,1,2,1,2,2,2,1,0,0,0,0,5,1,1,2,2,2,2,0,0,0,8,0,0,0,0,0,2,3,2,1,35,6,2,0,6,1,7,U,39,2.21875,0.7317086673
40316,3,1,1,1,1,2,1,2,1,1,1,1,1,6,1,6,6,2,4,1,2,1,2,2,0,0,0,8,0,0,0,0,0,2,2,1,1,35,2,2,0,4,1,7,U,47,5.59375,1.844730302
40316,2,1,1,1,1,2,1,2,1,1,2,2,1,1,0,0,3,3,97,1,2,1,2,3,0,0,0,8,0,0,0,0,0,2,3,2,1,52,1,1,0,6,1,9,S,51,2.09375,0.6904856438
40416,2,1,1,1,1,2,1,2,1,2,2,2,2,0,0,0,5,0,3,1,2,2,2,2,0,0,0,1,0,0,0,0,0,2,2,1,2,59,1,2,0,8,1,9,U,51,1.5625,0.5152877939
40316,2,1,1,1,1,2,1,2,1,2,1,1,1,0,1,6,0,1,0,0,0,0,2,3,0,0,0,8,0,0,0,0,0,2,3,2,1,30,1,2,0,6,1,7,S,13,2.3125,0.7626259349
40316,2,1,1,1,1,2,1,3,1,2,2,2,2,0,0,0,0,0,10,1,2,1,2,1,0,3,0,8,0,0,0,0,0,2,2,1,1,33,1,1,1,8,1,9,S,40,2.28125,0.752320179
40316,4,3,1,1,1,2,1,3,1,2,1,2,1,0,3,0,5,3,20,1,2,2,1,1,4,4,0,1,1,1,1,1,2,1,2,1,1,26,6,2,0,6,1,4,S,13,2.625,0.8656834937
40316,2,1,1,1,1,2,1,3,1,2,2,2,1,0,0,0,6,6,20,1,2,2,1,3,3,0,0,8,1,2,2,2,2,1,2,2,2,60,3,2,0,8,1,99,U,17,1.46875,0.4843705262
40316,3,1,1,1,1,2,1,3,1,2,2,2,2,0,0,0,0,0,50,1,2,2,1,3,2,0,0,8,1,2,2,2,2,2,1,1,2,75,5,2,0,3,3,5,R,19,2.96875,0.9790468083
40316,2,1,1,1,1,2,1,3,1,2,2,2,1,0,0,0,1,1,7,1,2,2,1,1,3,3,0,2,1,1,1,2,2,1,1,1,2,34,6,2,0,8,1,7,U,17,1.625,0.5358993056
40316,3,1,1,1,1,2,1,2,2,2,2,2,1,0,0,0,0,3,8,1,2,2,2,3,0,0,0,2,0,0,0,0,0,2,1,1,1,38,1,1,1,4,1,3,R,37,3.34375,1.1027158789
40316,3,1,1,1,1,2,1,2,2,1,1,2,1,6,1,0,0,1,20,1,2,2,3,3,0,0,0,1,0,0,0,0,0,0,2,1,1,35,1,1,2,3,2,4,U,47,4.5,1.4840288463
40316,3,1,1,1,1,2,1,2,1,1,1,1,1,3,1,1,0,1,5,1,2,2,1,1,3,2,4,1,2,1,1,1,2,1,2,1,2,20,6,2,0,4,2,7,U,41,5.6875,1.8756475697
40316,2,1,1,1,1,2,1,2,1,1,1,1,1,6,6,6,6,2,15,1,2,2,1,3,3,0,0,8,1,1,2,2,2,2,1,1,2,99,9,1,0,5,1,7,S,6,2.125,0.7007913997
40316,4,1,2,1,2,0,2,2,2,2,2,2,2,0,0,0,0,0,6,1,2,2,1,3,2,0,0,1,1,2,2,2,2,2,1,1,2,70,1,1,1,5,3,4,S,45,2.71875,0.8966007613
40416,1,1,2,1,2,0,1,3,2,2,2,2,2,0,0,0,0,0,2,1,2,2,1,1,2,4,0,8,2,1,2,2,2,2,2,1,1,55,1,2,0,3,4,3,U,42,2.875,0.9481295407
40416,3,3,1,1,1,2,1,2,1,1,1,2,2,1,1,0,0,0,6,1,2,2,3,1,0,4,0,1,0,0,0,0,0,0,2,1,1,16,6,2,0,2,4,8,R,26,4.75,1.5664748934
40416,1,3,1,1,2,0,1,3,2,1,1,2,1,2,3,0,6,1,1,1,1,1,3,3,0,0,0,1,0,0,0,0,0,0,1,1,1,39,1,2,0,1,1,98,S,54,5.9375,1.9580936167
40416,3,1,1,1,1,2,1,2,1,2,1,1,1,0,1,1,0,2,20,1,2,2,2,3,0,0,0,1,0,0,0,0,0,2,3,2,1,39,1,1,0,2,1,7,U,56,3.90625,1.2882194847
